,time,people_count
0,2023-08-01 00:10:00,46
1,2023-08-01 00:40:00,6
2,2023-08-01 01:00:00,10
3,2023-08-01 01:10:00,6
4,2023-08-01 01:20:00,8
5,2023-08-01 01:30:00,5
6,2023-08-01 01:50:00,3
7,2023-08-01 02:00:00,1
8,2023-08-01 02:50:00,1
9,2023-08-01 03:20:00,4
10,2023-08-01 03:30:00,1
11,2023-08-01 03:40:00,3
12,2023-08-01 03:50:00,1
13,2023-08-01 04:10:00,1
14,2023-08-01 04:20:00,3
15,2023-08-01 04:30:00,3
16,2023-08-01 06:10:00,5
17,2023-08-01 06:20:00,3
18,2023-08-01 06:30:00,6
19,2023-08-01 06:40:00,8
20,2023-08-01 06:50:00,6
21,2023-08-01 07:00:00,4
22,2023-08-01 07:10:00,1
23,2023-08-01 07:30:00,10
24,2023-08-01 07:40:00,1
25,2023-08-01 07:50:00,8
26,2023-08-01 08:00:00,1
27,2023-08-01 08:10:00,4
28,2023-08-01 08:20:00,3
29,2023-08-01 08:40:00,1
30,2023-08-01 08:50:00,2
31,2023-08-01 09:00:00,2
32,2023-08-01 09:10:00,8
33,2023-08-01 09:20:00,5
34,2023-08-01 09:40:00,10
35,2023-08-01 09:50:00,17
36,2023-08-01 10:00:00,48
37,2023-08-01 10:10:00,1
38,2023-08-01 10:20:00,35
39,2023-08-01 10:30:00,10
40,2023-08-01 10:40:00,7
41,2023-08-01 10:50:00,22
42,2023-08-01 11:00:00,27
43,2023-08-01 11:10:00,32
44,2023-08-01 11:20:00,39
45,2023-08-01 11:30:00,35
46,2023-08-01 11:40:00,30
47,2023-08-01 11:50:00,70
48,2023-08-01 12:00:00,53
49,2023-08-01 12:10:00,56
50,2023-08-01 12:20:00,29
51,2023-08-01 12:30:00,33
52,2023-08-01 12:40:00,50
53,2023-08-01 12:50:00,57
54,2023-08-01 13:00:00,68
55,2023-08-01 13:10:00,55
56,2023-08-01 13:20:00,31
57,2023-08-01 13:30:00,111
58,2023-08-01 13:40:00,83
59,2023-08-01 13:50:00,75
60,2023-08-01 14:00:00,75
61,2023-08-01 14:10:00,34
62,2023-08-01 14:30:00,44
63,2023-08-01 14:40:00,7
64,2023-08-01 14:50:00,20
65,2023-08-01 15:10:00,9
66,2023-08-01 15:20:00,16
67,2023-08-01 15:40:00,4
68,2023-08-01 16:10:00,5
69,2023-08-01 16:20:00,11
70,2023-08-01 16:30:00,9
71,2023-08-01 16:40:00,2
72,2023-08-01 16:50:00,20
73,2023-08-01 17:10:00,5
74,2023-08-01 17:20:00,17
75,2023-08-01 17:30:00,10
76,2023-08-01 17:50:00,25
77,2023-08-01 18:00:00,11
78,2023-08-01 18:10:00,4
79,2023-08-01 18:20:00,15
80,2023-08-01 18:30:00,17
81,2023-08-01 18:50:00,30
82,2023-08-01 19:00:00,32
83,2023-08-01 19:10:00,21
84,2023-08-01 19:20:00,32
85,2023-08-01 19:30:00,112
86,2023-08-01 19:40:00,113
87,2023-08-01 19:50:00,27
88,2023-08-01 20:00:00,21
89,2023-08-01 20:10:00,7
90,2023-08-01 20:30:00,20
91,2023-08-01 20:50:00,36
92,2023-08-01 21:00:00,19
93,2023-08-01 21:10:00,28
94,2023-08-01 21:20:00,11
95,2023-08-01 21:40:00,6
96,2023-08-01 21:50:00,6
97,2023-08-01 22:00:00,48
98,2023-08-01 22:20:00,2
99,2023-08-01 22:40:00,4
100,2023-08-01 23:00:00,1
101,2023-08-01 23:50:00,3
102,2023-08-02 00:10:00,1
103,2023-08-02 00:50:00,1
104,2023-08-02 02:30:00,2
105,2023-08-02 02:50:00,1
106,2023-08-02 03:10:00,1
107,2023-08-02 03:50:00,2
108,2023-08-02 04:00:00,1
109,2023-08-02 04:20:00,4
110,2023-08-02 04:50:00,6
111,2023-08-02 06:10:00,1
112,2023-08-02 06:20:00,3
113,2023-08-02 07:00:00,2
114,2023-08-02 07:20:00,3
115,2023-08-02 07:30:00,1
116,2023-08-02 07:40:00,9
117,2023-08-02 07:50:00,3
118,2023-08-02 08:00:00,1
119,2023-08-02 08:10:00,14
120,2023-08-02 08:20:00,7
121,2023-08-02 08:50:00,5
122,2023-08-02 09:00:00,5
123,2023-08-02 09:20:00,7
124,2023-08-02 09:30:00,13
125,2023-08-02 09:40:00,13
126,2023-08-02 09:50:00,3
127,2023-08-02 10:10:00,4
128,2023-08-02 10:20:00,18
129,2023-08-02 10:30:00,27
130,2023-08-02 10:40:00,26
131,2023-08-02 10:50:00,14
132,2023-08-02 11:00:00,6
133,2023-08-02 11:40:00,12
134,2023-08-02 11:50:00,13
135,2023-08-02 12:00:00,7
136,2023-08-02 12:10:00,20
137,2023-08-02 12:20:00,3
138,2023-08-02 12:30:00,9
139,2023-08-02 12:50:00,13
140,2023-08-02 13:00:00,1
141,2023-08-02 13:10:00,9
142,2023-08-02 13:20:00,11
143,2023-08-02 13:40:00,1
144,2023-08-02 14:00:00,2
145,2023-08-02 14:10:00,20
146,2023-08-02 14:30:00,12
147,2023-08-02 14:40:00,17
148,2023-08-02 14:50:00,3
149,2023-08-02 15:00:00,8
150,2023-08-02 15:10:00,12
151,2023-08-02 15:30:00,7
152,2023-08-02 15:40:00,7
153,2023-08-02 16:00:00,6
154,2023-08-02 16:10:00,1
155,2023-08-02 16:30:00,9
156,2023-08-02 16:40:00,12
157,2023-08-02 17:00:00,3
158,2023-08-02 17:20:00,2
159,2023-08-02 17:30:00,7
160,2023-08-02 17:40:00,22
161,2023-08-02 18:10:00,21
162,2023-08-02 18:20:00,16
163,2023-08-02 18:30:00,2
164,2023-08-02 18:50:00,14
165,2023-08-02 19:00:00,8
166,2023-08-02 19:10:00,19
167,2023-08-02 19:20:00,10
168,2023-08-02 19:30:00,23
169,2023-08-02 19:40:00,8
170,2023-08-02 19:50:00,6
171,2023-08-02 20:00:00,32
172,2023-08-02 20:10:00,15
173,2023-08-02 20:20:00,31
174,2023-08-02 20:30:00,18
175,2023-08-02 20:40:00,27
176,2023-08-02 20:50:00,25
177,2023-08-02 21:00:00,23
178,2023-08-02 21:10:00,26
179,2023-08-02 21:20:00,40
180,2023-08-02 21:30:00,6
181,2023-08-02 21:50:00,2
182,2023-08-02 22:10:00,22
183,2023-08-02 22:30:00,8
184,2023-08-02 22:50:00,5
185,2023-08-02 23:00:00,3
186,2023-08-02 23:20:00,4
187,2023-08-02 23:30:00,1
188,2023-08-02 23:50:00,4
189,2023-08-03 00:00:00,1
190,2023-08-03 00:10:00,7
191,2023-08-03 00:20:00,2
192,2023-08-03 00:40:00,7
193,2023-08-03 00:50:00,3
194,2023-08-03 01:00:00,1
195,2023-08-03 01:10:00,2
196,2023-08-03 01:20:00,3
197,2023-08-03 01:30:00,1
198,2023-08-03 01:50:00,1
199,2023-08-03 02:10:00,1
200,2023-08-03 02:20:00,2
201,2023-08-03 02:30:00,1
202,2023-08-03 02:40:00,1
203,2023-08-03 02:50:00,1
204,2023-08-03 03:00:00,1
205,2023-08-03 03:10:00,3
206,2023-08-03 03:20:00,3
207,2023-08-03 03:30:00,1
208,2023-08-03 03:40:00,3
209,2023-08-03 03:50:00,3
210,2023-08-03 04:00:00,4
211,2023-08-03 04:10:00,1
212,2023-08-03 04:20:00,4
213,2023-08-03 04:40:00,3
214,2023-08-03 04:50:00,6
215,2023-08-03 06:00:00,1
216,2023-08-03 06:10:00,3
217,2023-08-03 06:20:00,3
218,2023-08-03 06:30:00,8
219,2023-08-03 06:40:00,12
220,2023-08-03 06:50:00,15
221,2023-08-03 07:00:00,6
222,2023-08-03 07:10:00,6
223,2023-08-03 07:20:00,5
224,2023-08-03 07:30:00,10
225,2023-08-03 07:40:00,5
226,2023-08-03 07:50:00,18
227,2023-08-03 08:00:00,8
228,2023-08-03 08:10:00,22
229,2023-08-03 08:20:00,1
230,2023-08-03 08:30:00,7
231,2023-08-03 08:40:00,16
232,2023-08-03 08:50:00,10
233,2023-08-03 09:00:00,29
234,2023-08-03 09:10:00,11
235,2023-08-03 09:20:00,28
236,2023-08-03 09:30:00,18
237,2023-08-03 09:40:00,16
238,2023-08-03 09:50:00,21
239,2023-08-03 10:00:00,33
240,2023-08-03 10:20:00,30
241,2023-08-03 10:30:00,55
242,2023-08-03 10:40:00,39
243,2023-08-03 10:50:00,35
244,2023-08-03 11:00:00,20
245,2023-08-03 11:20:00,32
246,2023-08-03 11:30:00,54
247,2023-08-03 11:40:00,20
248,2023-08-03 11:50:00,27
249,2023-08-03 12:00:00,56
250,2023-08-03 12:10:00,40
251,2023-08-03 12:30:00,20
252,2023-08-03 12:40:00,52
253,2023-08-03 12:50:00,49
254,2023-08-03 13:00:00,82
255,2023-08-03 13:10:00,23
256,2023-08-03 13:20:00,92
257,2023-08-03 13:30:00,70
258,2023-08-03 13:50:00,8
259,2023-08-03 14:00:00,62
260,2023-08-03 14:10:00,51
261,2023-08-03 14:20:00,26
262,2023-08-03 14:30:00,43
263,2023-08-03 14:40:00,19
264,2023-08-03 15:00:00,36
265,2023-08-03 15:10:00,58
266,2023-08-03 15:20:00,44
267,2023-08-03 15:30:00,55
268,2023-08-03 15:40:00,60
269,2023-08-03 15:50:00,40
270,2023-08-03 16:10:00,79
271,2023-08-03 16:20:00,54
272,2023-08-03 16:30:00,39
273,2023-08-03 16:40:00,20
274,2023-08-03 16:50:00,33
275,2023-08-03 17:00:00,12
276,2023-08-03 17:10:00,19
277,2023-08-03 17:30:00,14
278,2023-08-03 17:40:00,9
279,2023-08-03 17:50:00,23
280,2023-08-03 18:00:00,8
281,2023-08-03 18:10:00,18
282,2023-08-03 18:20:00,69
283,2023-08-03 18:30:00,3
284,2023-08-03 18:40:00,15
285,2023-08-03 18:50:00,22
286,2023-08-03 19:00:00,15
287,2023-08-03 19:10:00,24
288,2023-08-03 19:30:00,81
289,2023-08-03 19:40:00,38
290,2023-08-03 19:50:00,47
291,2023-08-03 20:00:00,85
292,2023-08-03 20:10:00,51
293,2023-08-03 20:20:00,24
294,2023-08-03 20:30:00,62
295,2023-08-03 20:40:00,28
296,2023-08-03 20:50:00,14
297,2023-08-03 21:00:00,47
298,2023-08-03 21:10:00,65
299,2023-08-03 21:20:00,47
300,2023-08-03 21:30:00,32
301,2023-08-03 21:40:00,15
302,2023-08-03 21:50:00,47
303,2023-08-03 22:00:00,37
304,2023-08-03 22:10:00,25
305,2023-08-03 22:20:00,20
306,2023-08-03 22:30:00,31
307,2023-08-03 22:40:00,8
308,2023-08-03 22:50:00,4
309,2023-08-03 23:00:00,1
310,2023-08-03 23:10:00,23
311,2023-08-03 23:20:00,18
312,2023-08-03 23:30:00,18
313,2023-08-03 23:40:00,27
314,2023-08-03 23:50:00,7
315,2023-08-04 00:00:00,10
316,2023-08-04 00:10:00,6
317,2023-08-04 00:20:00,5
318,2023-08-04 00:30:00,6
319,2023-08-04 00:40:00,10
320,2023-08-04 00:50:00,3
321,2023-08-04 01:00:00,7
322,2023-08-04 01:20:00,10
323,2023-08-04 01:30:00,2
324,2023-08-04 01:50:00,4
325,2023-08-04 02:00:00,2
326,2023-08-04 02:10:00,6
327,2023-08-04 02:20:00,5
328,2023-08-04 02:30:00,3
329,2023-08-04 02:40:00,3
330,2023-08-04 03:00:00,4
331,2023-08-04 03:10:00,3
332,2023-08-04 03:30:00,1
333,2023-08-04 03:40:00,5
334,2023-08-04 03:50:00,2
335,2023-08-04 04:20:00,7
336,2023-08-04 04:40:00,5
337,2023-08-04 04:50:00,2
338,2023-08-04 06:10:00,11
339,2023-08-04 06:20:00,10
340,2023-08-04 06:30:00,8
341,2023-08-04 06:40:00,16
342,2023-08-04 06:50:00,12
343,2023-08-04 07:00:00,9
344,2023-08-04 07:10:00,8
345,2023-08-04 07:20:00,11
346,2023-08-04 07:30:00,19
347,2023-08-04 07:40:00,4
348,2023-08-04 07:50:00,35
349,2023-08-04 08:00:00,22
350,2023-08-04 08:10:00,13
351,2023-08-04 08:20:00,22
352,2023-08-04 08:30:00,15
353,2023-08-04 08:40:00,25
354,2023-08-04 08:50:00,25
355,2023-08-04 09:00:00,35
356,2023-08-04 09:10:00,31
357,2023-08-04 09:20:00,29
358,2023-08-04 09:30:00,57
359,2023-08-04 09:40:00,95
360,2023-08-04 09:50:00,68
361,2023-08-04 10:00:00,89
362,2023-08-04 10:10:00,67
363,2023-08-04 10:20:00,50
364,2023-08-04 10:30:00,60
365,2023-08-04 10:40:00,75
366,2023-08-04 10:50:00,50
367,2023-08-04 11:00:00,29
368,2023-08-04 11:10:00,55
369,2023-08-04 11:20:00,65
370,2023-08-04 11:30:00,74
371,2023-08-04 11:40:00,64
372,2023-08-04 11:50:00,38
373,2023-08-04 12:00:00,93
374,2023-08-04 12:10:00,101
375,2023-08-04 12:20:00,85
376,2023-08-04 12:30:00,28
377,2023-08-04 12:40:00,57
378,2023-08-04 12:50:00,22
379,2023-08-04 13:00:00,44
380,2023-08-04 13:10:00,12
381,2023-08-04 13:20:00,32
382,2023-08-04 13:30:00,56
383,2023-08-04 13:40:00,50
384,2023-08-04 13:50:00,13
385,2023-08-04 14:00:00,48
386,2023-08-04 14:10:00,100
387,2023-08-04 14:20:00,41
388,2023-08-04 14:30:00,130
389,2023-08-04 14:40:00,90
390,2023-08-04 14:50:00,83
391,2023-08-04 15:00:00,71
392,2023-08-04 15:10:00,84
393,2023-08-04 15:20:00,58
394,2023-08-04 15:30:00,36
395,2023-08-04 15:40:00,98
396,2023-08-04 15:50:00,73
397,2023-08-04 16:00:00,74
398,2023-08-04 16:10:00,15
399,2023-08-04 16:20:00,5
400,2023-08-04 16:30:00,53
401,2023-08-04 16:40:00,21
402,2023-08-04 16:50:00,30
403,2023-08-04 17:00:00,28
404,2023-08-04 17:10:00,12
405,2023-08-04 17:20:00,19
406,2023-08-04 17:30:00,13
407,2023-08-04 17:40:00,82
408,2023-08-04 17:50:00,19
409,2023-08-04 18:00:00,28
410,2023-08-04 18:10:00,27
411,2023-08-04 18:30:00,24
412,2023-08-04 18:40:00,37
413,2023-08-04 18:50:00,28
414,2023-08-04 19:00:00,26
415,2023-08-04 19:10:00,42
416,2023-08-04 19:20:00,84
417,2023-08-04 19:30:00,64
418,2023-08-04 19:40:00,45
419,2023-08-04 19:50:00,47
420,2023-08-04 20:00:00,107
421,2023-08-04 20:10:00,210
422,2023-08-04 20:20:00,158
423,2023-08-04 20:30:00,170
424,2023-08-04 20:40:00,99
425,2023-08-04 20:50:00,57
426,2023-08-04 21:00:00,100
427,2023-08-04 21:10:00,44
428,2023-08-04 21:20:00,37
429,2023-08-04 21:40:00,48
430,2023-08-04 21:50:00,43
431,2023-08-04 22:00:00,54
432,2023-08-04 22:20:00,55
433,2023-08-04 22:30:00,98
434,2023-08-04 22:40:00,68
435,2023-08-04 22:50:00,36
436,2023-08-04 23:00:00,20
437,2023-08-04 23:10:00,40
438,2023-08-04 23:20:00,17
439,2023-08-04 23:30:00,40
440,2023-08-04 23:40:00,16
441,2023-08-04 23:50:00,8
442,2023-08-05 00:00:00,20
443,2023-08-05 00:10:00,10
444,2023-08-05 00:20:00,9
445,2023-08-05 00:30:00,10
446,2023-08-05 00:40:00,4
447,2023-08-05 00:50:00,5
448,2023-08-05 01:10:00,7
449,2023-08-05 01:20:00,4
450,2023-08-05 01:30:00,10
451,2023-08-05 01:40:00,3
452,2023-08-05 01:50:00,6
453,2023-08-05 02:10:00,3
454,2023-08-05 02:20:00,8
455,2023-08-05 02:30:00,3
456,2023-08-05 02:40:00,1
457,2023-08-05 03:00:00,1
458,2023-08-05 03:10:00,1
459,2023-08-05 03:20:00,5
460,2023-08-05 03:30:00,5
461,2023-08-05 03:50:00,2
462,2023-08-05 04:20:00,4
463,2023-08-05 04:30:00,4
464,2023-08-05 04:40:00,3
465,2023-08-05 04:50:00,2
466,2023-08-05 06:10:00,6
467,2023-08-05 06:20:00,2
468,2023-08-05 06:30:00,2
469,2023-08-05 06:40:00,1
470,2023-08-05 06:50:00,4
471,2023-08-05 07:00:00,3
472,2023-08-05 07:10:00,11
473,2023-08-05 07:20:00,11
474,2023-08-05 07:30:00,9
475,2023-08-05 07:40:00,16
476,2023-08-05 07:50:00,9
477,2023-08-05 08:00:00,18
478,2023-08-05 08:10:00,16
479,2023-08-05 08:20:00,30
480,2023-08-05 08:30:00,51
481,2023-08-05 08:40:00,39
482,2023-08-05 08:50:00,35
483,2023-08-05 09:00:00,38
484,2023-08-05 09:10:00,43
485,2023-08-05 09:20:00,67
486,2023-08-05 09:30:00,115
487,2023-08-05 09:40:00,62
488,2023-08-05 09:50:00,37
489,2023-08-05 10:00:00,50
490,2023-08-05 10:10:00,51
491,2023-08-05 10:20:00,46
492,2023-08-05 10:30:00,71
493,2023-08-05 10:40:00,60
494,2023-08-05 10:50:00,69
495,2023-08-05 11:00:00,79
496,2023-08-05 11:10:00,93
497,2023-08-05 11:20:00,88
498,2023-08-05 11:30:00,128
499,2023-08-05 11:40:00,137
500,2023-08-05 11:50:00,103
501,2023-08-05 12:00:00,120
502,2023-08-05 12:10:00,63
503,2023-08-05 12:20:00,115
504,2023-08-05 12:30:00,243
505,2023-08-05 12:40:00,124
506,2023-08-05 12:50:00,119
507,2023-08-05 13:00:00,149
508,2023-08-05 13:10:00,70
509,2023-08-05 13:20:00,97
510,2023-08-05 13:30:00,99
511,2023-08-05 13:40:00,130
512,2023-08-05 13:50:00,67
513,2023-08-05 14:00:00,128
514,2023-08-05 14:10:00,138
515,2023-08-05 14:20:00,133
516,2023-08-05 14:30:00,115
517,2023-08-05 14:40:00,40
518,2023-08-05 14:50:00,110
519,2023-08-05 15:00:00,57
520,2023-08-05 15:10:00,60
521,2023-08-05 15:20:00,25
522,2023-08-05 15:30:00,15
523,2023-08-05 15:40:00,40
524,2023-08-05 15:50:00,23
525,2023-08-05 16:00:00,48
526,2023-08-05 16:10:00,58
527,2023-08-05 16:30:00,16
528,2023-08-05 16:40:00,34
529,2023-08-05 16:50:00,44
530,2023-08-05 17:00:00,12
531,2023-08-05 17:10:00,8
532,2023-08-05 17:20:00,46
533,2023-08-05 17:30:00,64
534,2023-08-05 17:40:00,61
535,2023-08-05 17:50:00,11
536,2023-08-05 18:10:00,58
537,2023-08-05 18:20:00,79
538,2023-08-05 18:30:00,100
539,2023-08-05 18:40:00,30
540,2023-08-05 18:50:00,99
541,2023-08-05 19:00:00,89
542,2023-08-05 19:10:00,168
543,2023-08-05 19:20:00,43
544,2023-08-05 19:30:00,180
545,2023-08-05 19:40:00,91
546,2023-08-05 19:50:00,33
547,2023-08-05 20:00:00,148
548,2023-08-05 20:10:00,53
549,2023-08-05 20:20:00,124
550,2023-08-05 20:30:00,113
551,2023-08-05 20:40:00,172
552,2023-08-05 20:50:00,248
553,2023-08-05 21:00:00,94
554,2023-08-05 21:10:00,108
555,2023-08-05 21:20:00,158
556,2023-08-05 21:30:00,208
557,2023-08-05 21:40:00,203
558,2023-08-05 21:50:00,122
559,2023-08-05 22:00:00,117
560,2023-08-05 22:10:00,13
561,2023-08-05 22:20:00,185
562,2023-08-05 22:30:00,100
563,2023-08-05 22:40:00,156
564,2023-08-05 22:50:00,3
565,2023-08-05 23:00:00,37
566,2023-08-05 23:10:00,31
567,2023-08-05 23:20:00,30
568,2023-08-05 23:30:00,12
569,2023-08-05 23:40:00,38
570,2023-08-05 23:50:00,25
571,2023-08-06 00:00:00,6
572,2023-08-06 00:30:00,4
573,2023-08-06 00:40:00,7
574,2023-08-06 01:00:00,52
575,2023-08-06 01:10:00,20
576,2023-08-06 01:20:00,22
577,2023-08-06 01:30:00,19
578,2023-08-06 01:40:00,5
579,2023-08-06 01:50:00,49
580,2023-08-06 02:00:00,33
581,2023-08-06 02:10:00,1
582,2023-08-06 02:20:00,1
583,2023-08-06 02:30:00,1
584,2023-08-06 02:50:00,5
585,2023-08-06 03:00:00,3
586,2023-08-06 03:10:00,3
587,2023-08-06 03:20:00,2
588,2023-08-06 03:30:00,1
589,2023-08-06 03:40:00,2
590,2023-08-06 03:50:00,1
591,2023-08-06 04:00:00,2
592,2023-08-06 04:10:00,1
593,2023-08-06 04:20:00,3
594,2023-08-06 04:30:00,1
595,2023-08-06 04:40:00,5
596,2023-08-06 04:50:00,1
597,2023-08-06 06:10:00,5
598,2023-08-06 06:20:00,2
599,2023-08-06 06:30:00,3
600,2023-08-06 06:40:00,2
601,2023-08-06 06:50:00,1
602,2023-08-06 07:00:00,1
603,2023-08-06 07:20:00,5
604,2023-08-06 07:30:00,6
605,2023-08-06 07:40:00,8
606,2023-08-06 07:50:00,5
607,2023-08-06 08:00:00,10
608,2023-08-06 08:10:00,13
609,2023-08-06 08:20:00,18
610,2023-08-06 08:30:00,16
611,2023-08-06 08:40:00,19
612,2023-08-06 08:50:00,13
613,2023-08-06 09:00:00,10
614,2023-08-06 09:10:00,5
615,2023-08-06 09:20:00,21
616,2023-08-06 09:30:00,24
617,2023-08-06 09:40:00,24
618,2023-08-06 09:50:00,45
619,2023-08-06 10:00:00,32
620,2023-08-06 10:10:00,42
621,2023-08-06 10:20:00,35
622,2023-08-06 10:30:00,38
623,2023-08-06 10:40:00,42
624,2023-08-06 10:50:00,19
625,2023-08-06 11:00:00,77
626,2023-08-06 11:10:00,11
627,2023-08-06 11:20:00,35
628,2023-08-06 11:30:00,59
629,2023-08-06 11:40:00,39
630,2023-08-06 11:50:00,32
631,2023-08-06 12:00:00,15
632,2023-08-06 12:10:00,45
633,2023-08-06 12:20:00,18
634,2023-08-06 12:40:00,72
635,2023-08-06 12:50:00,71
636,2023-08-06 13:00:00,63
637,2023-08-06 13:10:00,97
638,2023-08-06 13:20:00,66
639,2023-08-06 13:30:00,40
640,2023-08-06 13:40:00,65
641,2023-08-06 14:00:00,42
642,2023-08-06 14:10:00,91
643,2023-08-06 14:20:00,23
644,2023-08-06 14:30:00,31
645,2023-08-06 14:40:00,39
646,2023-08-06 14:50:00,24
647,2023-08-06 15:00:00,38
648,2023-08-06 15:10:00,21
649,2023-08-06 15:20:00,22
650,2023-08-06 15:40:00,4
651,2023-08-06 15:50:00,28
652,2023-08-06 16:00:00,31
653,2023-08-06 16:10:00,46
654,2023-08-06 16:20:00,8
655,2023-08-06 16:30:00,35
656,2023-08-06 16:40:00,29
657,2023-08-06 16:50:00,31
658,2023-08-06 17:10:00,11
659,2023-08-06 17:20:00,3
660,2023-08-06 17:30:00,8
661,2023-08-06 17:50:00,20
662,2023-08-06 18:10:00,29
663,2023-08-06 18:20:00,4
664,2023-08-06 18:30:00,17
665,2023-08-06 18:40:00,22
666,2023-08-06 18:50:00,41
667,2023-08-06 19:00:00,38
668,2023-08-06 19:10:00,32
669,2023-08-06 19:20:00,32
670,2023-08-06 19:30:00,53
671,2023-08-06 19:40:00,24
672,2023-08-06 19:50:00,11
673,2023-08-06 20:00:00,40
674,2023-08-06 20:10:00,110
675,2023-08-06 20:20:00,63
676,2023-08-06 20:40:00,18
677,2023-08-06 20:50:00,53
678,2023-08-06 21:00:00,19
679,2023-08-06 21:10:00,8
680,2023-08-06 21:20:00,10
681,2023-08-06 21:30:00,20
682,2023-08-06 22:00:00,5
683,2023-08-06 22:20:00,11
684,2023-08-06 22:30:00,5
685,2023-08-06 22:40:00,1
686,2023-08-06 23:00:00,2
687,2023-08-06 23:10:00,1
688,2023-08-06 23:20:00,1
689,2023-08-06 23:30:00,4
690,2023-08-06 23:40:00,1
691,2023-08-06 23:50:00,2
692,2023-08-07 00:00:00,3
693,2023-08-07 00:10:00,7
694,2023-08-07 00:20:00,6
695,2023-08-07 00:30:00,3
696,2023-08-07 00:50:00,2
697,2023-08-07 01:00:00,7
698,2023-08-07 01:10:00,1
699,2023-08-07 01:20:00,1
700,2023-08-07 01:40:00,2
701,2023-08-07 01:50:00,2
702,2023-08-07 02:00:00,2
703,2023-08-07 02:20:00,1
704,2023-08-07 02:30:00,1
705,2023-08-07 02:40:00,3
706,2023-08-07 02:50:00,1
707,2023-08-07 03:00:00,1
708,2023-08-07 03:10:00,1
709,2023-08-07 03:40:00,1
710,2023-08-07 04:00:00,1
711,2023-08-07 04:10:00,2
712,2023-08-07 04:20:00,1
713,2023-08-07 04:30:00,1
714,2023-08-07 04:40:00,1
715,2023-08-07 05:00:00,3
716,2023-08-07 06:10:00,3
717,2023-08-07 06:20:00,7
718,2023-08-07 06:30:00,3
719,2023-08-07 06:40:00,5
720,2023-08-07 07:10:00,3
721,2023-08-07 07:30:00,8
722,2023-08-07 07:40:00,5
723,2023-08-07 07:50:00,12
724,2023-08-07 08:00:00,8
725,2023-08-07 08:30:00,4
726,2023-08-07 08:50:00,6
727,2023-08-07 09:10:00,6
728,2023-08-07 09:40:00,8
729,2023-08-07 09:50:00,8
730,2023-08-07 10:10:00,4
731,2023-08-07 10:20:00,9
732,2023-08-07 10:30:00,30
733,2023-08-07 10:40:00,15
734,2023-08-07 11:00:00,8
735,2023-08-07 11:10:00,31
736,2023-08-07 11:20:00,12
737,2023-08-07 11:30:00,16
738,2023-08-07 11:40:00,17
739,2023-08-07 11:50:00,29
740,2023-08-07 12:00:00,17
741,2023-08-07 12:10:00,19
742,2023-08-07 12:20:00,1
743,2023-08-07 12:30:00,14
744,2023-08-07 12:40:00,12
745,2023-08-07 12:50:00,8
746,2023-08-07 13:00:00,18
747,2023-08-07 13:10:00,17
748,2023-08-07 13:30:00,5
749,2023-08-07 13:40:00,7
750,2023-08-07 13:50:00,2
751,2023-08-07 14:00:00,5
752,2023-08-07 14:10:00,4
753,2023-08-07 14:20:00,22
754,2023-08-07 14:30:00,25
755,2023-08-07 14:40:00,7
756,2023-08-07 14:50:00,12
757,2023-08-07 15:00:00,8
758,2023-08-07 15:20:00,29
759,2023-08-07 15:30:00,21
760,2023-08-07 15:40:00,10
761,2023-08-07 15:50:00,9
762,2023-08-07 16:00:00,25
763,2023-08-07 16:10:00,9
764,2023-08-07 16:30:00,25
765,2023-08-07 16:40:00,14
766,2023-08-07 16:50:00,12
767,2023-08-07 17:10:00,11
768,2023-08-07 17:20:00,24
769,2023-08-07 17:30:00,5
770,2023-08-07 17:40:00,31
771,2023-08-07 17:50:00,15
772,2023-08-07 18:00:00,10
773,2023-08-07 18:10:00,3
774,2023-08-07 18:20:00,25
775,2023-08-07 18:50:00,19
776,2023-08-07 19:00:00,2
777,2023-08-07 19:10:00,6
778,2023-08-07 19:20:00,42
779,2023-08-07 19:40:00,19
780,2023-08-07 19:50:00,54
781,2023-08-07 20:00:00,33
782,2023-08-07 20:10:00,126
783,2023-08-07 20:20:00,90
784,2023-08-07 20:30:00,41
785,2023-08-07 20:40:00,49
786,2023-08-07 20:50:00,166
787,2023-08-07 21:00:00,110
788,2023-08-07 21:10:00,99
789,2023-08-07 21:20:00,78
790,2023-08-07 21:30:00,71
791,2023-08-07 21:50:00,29
792,2023-08-07 22:00:00,34
793,2023-08-07 22:10:00,78
794,2023-08-07 22:20:00,24
795,2023-08-07 22:30:00,9
796,2023-08-07 22:50:00,42
797,2023-08-07 23:00:00,53
798,2023-08-07 23:10:00,11
799,2023-08-07 23:20:00,7
800,2023-08-07 23:30:00,29
801,2023-08-07 23:40:00,17
802,2023-08-07 23:50:00,135
803,2023-08-08 00:00:00,86
804,2023-08-08 00:10:00,74
805,2023-08-08 00:20:00,151
806,2023-08-08 00:30:00,36
807,2023-08-08 00:40:00,39
808,2023-08-08 00:50:00,18
809,2023-08-08 01:00:00,3
810,2023-08-08 01:10:00,1
811,2023-08-08 01:30:00,5
812,2023-08-08 01:40:00,2
813,2023-08-08 01:50:00,1
814,2023-08-08 02:00:00,1
815,2023-08-08 02:10:00,3
816,2023-08-08 02:20:00,2
817,2023-08-08 02:30:00,3
818,2023-08-08 02:40:00,3
819,2023-08-08 02:50:00,3
820,2023-08-08 03:00:00,2
821,2023-08-08 03:10:00,2
822,2023-08-08 03:30:00,3
823,2023-08-08 03:40:00,7
824,2023-08-08 03:50:00,3
825,2023-08-08 04:00:00,1
826,2023-08-08 04:20:00,4
827,2023-08-08 04:30:00,1
828,2023-08-08 04:40:00,1
829,2023-08-08 04:50:00,1
830,2023-08-08 06:10:00,4
831,2023-08-08 06:40:00,2
832,2023-08-08 06:50:00,3
833,2023-08-08 07:00:00,7
834,2023-08-08 07:10:00,4
835,2023-08-08 07:20:00,3
836,2023-08-08 07:30:00,7
837,2023-08-08 07:40:00,9
838,2023-08-08 08:00:00,4
839,2023-08-08 08:10:00,8
840,2023-08-08 08:30:00,1
841,2023-08-08 08:40:00,4
842,2023-08-08 09:00:00,3
843,2023-08-08 09:20:00,19
844,2023-08-08 09:30:00,17
845,2023-08-08 09:40:00,32
846,2023-08-08 09:50:00,43
847,2023-08-08 10:00:00,15
848,2023-08-08 10:10:00,16
849,2023-08-08 10:20:00,24
850,2023-08-08 10:30:00,28
851,2023-08-08 10:50:00,2
852,2023-08-08 11:10:00,9
853,2023-08-08 11:20:00,17
854,2023-08-08 11:30:00,33
855,2023-08-08 11:40:00,24
856,2023-08-08 11:50:00,6
857,2023-08-08 12:00:00,14
858,2023-08-08 12:10:00,17
859,2023-08-08 12:30:00,23
860,2023-08-08 12:50:00,21
861,2023-08-08 13:00:00,37
862,2023-08-08 13:20:00,3
863,2023-08-08 13:30:00,7
864,2023-08-08 13:40:00,1
865,2023-08-08 13:50:00,23
866,2023-08-08 14:00:00,12
867,2023-08-08 14:10:00,16
868,2023-08-08 14:20:00,4
869,2023-08-08 14:30:00,41
870,2023-08-08 14:40:00,41
871,2023-08-08 14:50:00,30
872,2023-08-08 15:00:00,63
873,2023-08-08 15:10:00,29
874,2023-08-08 15:20:00,17
875,2023-08-08 15:30:00,38
876,2023-08-08 15:40:00,25
877,2023-08-08 15:50:00,44
878,2023-08-08 16:00:00,21
879,2023-08-08 16:10:00,21
880,2023-08-08 16:30:00,3
881,2023-08-08 16:40:00,14
882,2023-08-08 16:50:00,6
883,2023-08-08 17:00:00,15
884,2023-08-08 17:10:00,7
885,2023-08-08 17:30:00,4
886,2023-08-08 17:40:00,4
887,2023-08-08 17:50:00,73
888,2023-08-08 18:00:00,50
889,2023-08-08 18:20:00,41
890,2023-08-08 18:30:00,100
891,2023-08-08 18:40:00,10
892,2023-08-08 19:00:00,44
893,2023-08-08 19:20:00,22
894,2023-08-08 19:30:00,30
895,2023-08-08 19:40:00,33
896,2023-08-08 19:50:00,6
897,2023-08-08 20:00:00,8
898,2023-08-08 20:10:00,4
899,2023-08-08 20:20:00,6
900,2023-08-08 20:40:00,14
901,2023-08-08 20:50:00,21
902,2023-08-08 21:00:00,5
903,2023-08-08 21:20:00,4
904,2023-08-08 21:30:00,16
905,2023-08-08 21:40:00,14
906,2023-08-08 22:00:00,6
907,2023-08-08 22:10:00,9
908,2023-08-08 22:20:00,8
909,2023-08-08 22:30:00,9
910,2023-08-08 22:40:00,24
911,2023-08-08 22:50:00,16
912,2023-08-08 23:00:00,5
913,2023-08-08 23:10:00,6
914,2023-08-08 23:20:00,2
915,2023-08-08 23:30:00,3
916,2023-08-08 23:40:00,3
917,2023-08-08 23:50:00,16
918,2023-08-09 00:00:00,8
919,2023-08-09 00:30:00,1
920,2023-08-09 00:50:00,6
921,2023-08-09 01:00:00,2
922,2023-08-09 01:30:00,2
923,2023-08-09 01:50:00,1
924,2023-08-09 02:00:00,2
925,2023-08-09 02:50:00,1
926,2023-08-09 03:10:00,2
927,2023-08-09 03:50:00,2
928,2023-08-09 04:20:00,3
929,2023-08-09 04:30:00,2
930,2023-08-09 04:40:00,2
931,2023-08-09 05:00:00,4
932,2023-08-09 06:00:00,2
933,2023-08-09 06:10:00,7
934,2023-08-09 06:20:00,1
935,2023-08-09 06:30:00,6
936,2023-08-09 06:40:00,10
937,2023-08-09 06:50:00,4
938,2023-08-09 07:00:00,5
939,2023-08-09 07:10:00,2
940,2023-08-09 07:20:00,12
941,2023-08-09 07:30:00,16
942,2023-08-09 07:40:00,8
943,2023-08-09 07:50:00,28
944,2023-08-09 08:00:00,17
945,2023-08-09 08:10:00,16
946,2023-08-09 08:20:00,7
947,2023-08-09 08:30:00,2
948,2023-08-09 08:40:00,1
949,2023-08-09 08:50:00,2
950,2023-08-09 09:00:00,10
951,2023-08-09 09:10:00,21
952,2023-08-09 09:20:00,28
953,2023-08-09 09:30:00,32
954,2023-08-09 09:40:00,22
955,2023-08-09 09:50:00,11
956,2023-08-09 10:00:00,43
957,2023-08-09 10:10:00,36
958,2023-08-09 10:20:00,47
959,2023-08-09 10:30:00,48
960,2023-08-09 10:40:00,36
961,2023-08-09 10:50:00,36
962,2023-08-09 11:00:00,19
963,2023-08-09 11:10:00,22
964,2023-08-09 11:20:00,40
965,2023-08-09 11:30:00,51
966,2023-08-09 11:40:00,21
967,2023-08-09 11:50:00,47
968,2023-08-09 12:00:00,54
969,2023-08-09 12:10:00,23
970,2023-08-09 12:20:00,60
971,2023-08-09 12:30:00,42
972,2023-08-09 12:40:00,14
973,2023-08-09 12:50:00,43
974,2023-08-09 13:00:00,25
975,2023-08-09 13:10:00,2
976,2023-08-09 13:20:00,10
977,2023-08-09 13:30:00,29
978,2023-08-09 13:40:00,45
979,2023-08-09 13:50:00,26
980,2023-08-09 14:00:00,26
981,2023-08-09 14:10:00,31
982,2023-08-09 14:20:00,48
983,2023-08-09 14:30:00,90
984,2023-08-09 14:40:00,59
985,2023-08-09 14:50:00,46
986,2023-08-09 15:00:00,57
987,2023-08-09 15:10:00,26
988,2023-08-09 15:20:00,20
989,2023-08-09 15:30:00,48
990,2023-08-09 15:40:00,31
991,2023-08-09 15:50:00,29
992,2023-08-09 16:00:00,42
993,2023-08-09 16:10:00,34
994,2023-08-09 16:20:00,21
995,2023-08-09 16:30:00,18
996,2023-08-09 16:40:00,33
997,2023-08-09 16:50:00,31
998,2023-08-09 17:00:00,29
999,2023-08-09 17:10:00,11
1000,2023-08-09 17:30:00,21
1001,2023-08-09 17:40:00,34
1002,2023-08-09 17:50:00,12
1003,2023-08-09 18:00:00,18
1004,2023-08-09 18:20:00,17
1005,2023-08-09 18:30:00,1
1006,2023-08-09 18:40:00,6
1007,2023-08-09 18:50:00,12
1008,2023-08-09 19:10:00,25
1009,2023-08-09 19:20:00,20
1010,2023-08-09 19:40:00,40
1011,2023-08-09 20:00:00,3
1012,2023-08-09 20:20:00,21
1013,2023-08-09 20:40:00,27
1014,2023-08-09 21:00:00,29
1015,2023-08-09 21:10:00,54
1016,2023-08-09 21:20:00,103
1017,2023-08-09 21:40:00,9
1018,2023-08-09 22:00:00,32
1019,2023-08-09 22:10:00,85
1020,2023-08-09 22:20:00,37
1021,2023-08-09 22:30:00,6
1022,2023-08-09 22:40:00,8
1023,2023-08-09 22:50:00,8
1024,2023-08-09 23:00:00,10
1025,2023-08-09 23:10:00,2
1026,2023-08-09 23:20:00,14
1027,2023-08-10 00:00:00,1
1028,2023-08-10 00:30:00,2
1029,2023-08-10 01:00:00,1
1030,2023-08-10 01:10:00,2
1031,2023-08-10 01:40:00,1
1032,2023-08-10 01:50:00,2
1033,2023-08-10 02:30:00,3
1034,2023-08-10 02:40:00,1
1035,2023-08-10 02:50:00,1
1036,2023-08-10 03:20:00,2
1037,2023-08-10 04:20:00,7
1038,2023-08-10 04:30:00,8
1039,2023-08-10 04:50:00,2
1040,2023-08-10 06:20:00,2
1041,2023-08-10 06:30:00,7
1042,2023-08-10 06:40:00,4
1043,2023-08-10 06:50:00,5
1044,2023-08-10 07:00:00,1
1045,2023-08-10 07:20:00,1
1046,2023-08-10 07:30:00,7
1047,2023-08-10 07:40:00,10
1048,2023-08-10 08:00:00,11
1049,2023-08-10 08:10:00,8
1050,2023-08-10 08:20:00,13
1051,2023-08-10 08:30:00,14
1052,2023-08-10 08:40:00,24
1053,2023-08-10 08:50:00,15
1054,2023-08-10 09:00:00,26
1055,2023-08-10 09:10:00,19
1056,2023-08-10 09:20:00,9
1057,2023-08-10 09:30:00,13
1058,2023-08-10 09:40:00,50
1059,2023-08-10 09:50:00,31
1060,2023-08-10 10:00:00,44
1061,2023-08-10 10:10:00,15
1062,2023-08-10 10:20:00,3
1063,2023-08-10 10:40:00,5
1064,2023-08-10 11:00:00,7
1065,2023-08-10 11:20:00,3
1066,2023-08-10 11:40:00,13
1067,2023-08-10 11:50:00,30
1068,2023-08-10 12:10:00,8
1069,2023-08-10 12:20:00,36
1070,2023-08-10 12:30:00,74
1071,2023-08-10 12:40:00,16
1072,2023-08-10 12:50:00,34
1073,2023-08-10 13:00:00,61
1074,2023-08-10 13:20:00,45
1075,2023-08-10 13:30:00,15
1076,2023-08-10 13:50:00,12
1077,2023-08-10 14:00:00,1
1078,2023-08-10 14:10:00,37
1079,2023-08-10 14:20:00,29
1080,2023-08-10 14:30:00,19
1081,2023-08-10 15:00:00,17
1082,2023-08-10 15:10:00,33
1083,2023-08-10 15:20:00,46
1084,2023-08-10 15:30:00,11
1085,2023-08-10 15:40:00,39
1086,2023-08-10 15:50:00,7
1087,2023-08-10 16:00:00,23
1088,2023-08-10 16:10:00,12
1089,2023-08-10 16:30:00,8
1090,2023-08-10 16:40:00,3
1091,2023-08-10 16:50:00,4
1092,2023-08-10 17:00:00,15
1093,2023-08-10 17:10:00,19
1094,2023-08-10 17:20:00,3
1095,2023-08-10 17:30:00,29
1096,2023-08-10 17:40:00,35
1097,2023-08-10 17:50:00,1
1098,2023-08-10 18:20:00,15
1099,2023-08-10 18:30:00,14
1100,2023-08-10 18:40:00,19
1101,2023-08-10 18:50:00,103
1102,2023-08-10 19:00:00,76
1103,2023-08-10 19:10:00,94
1104,2023-08-10 19:20:00,48
1105,2023-08-10 19:30:00,9
1106,2023-08-10 19:40:00,10
1107,2023-08-10 19:50:00,42
1108,2023-08-10 20:00:00,37
1109,2023-08-10 20:10:00,55
1110,2023-08-10 20:30:00,76
1111,2023-08-10 20:40:00,79
1112,2023-08-10 20:50:00,78
1113,2023-08-10 21:00:00,91
1114,2023-08-10 21:10:00,73
1115,2023-08-10 21:20:00,31
1116,2023-08-10 21:30:00,34
1117,2023-08-10 21:40:00,8
1118,2023-08-10 21:50:00,5
1119,2023-08-10 22:00:00,10
1120,2023-08-10 22:10:00,23
1121,2023-08-10 22:20:00,4
1122,2023-08-10 22:30:00,33
1123,2023-08-10 22:40:00,10
1124,2023-08-10 22:50:00,22
1125,2023-08-10 23:00:00,23
1126,2023-08-10 23:10:00,18
1127,2023-08-10 23:20:00,8
1128,2023-08-10 23:30:00,16
1129,2023-08-10 23:40:00,2
1130,2023-08-10 23:50:00,6
1131,2023-08-11 00:00:00,10
1132,2023-08-11 00:10:00,6
1133,2023-08-11 00:30:00,5
1134,2023-08-11 00:40:00,11
1135,2023-08-11 01:40:00,2
1136,2023-08-11 01:50:00,1
1137,2023-08-11 02:30:00,2
1138,2023-08-11 02:50:00,1
1139,2023-08-11 03:10:00,2
1140,2023-08-11 03:30:00,2
1141,2023-08-11 03:50:00,3
1142,2023-08-11 04:00:00,3
1143,2023-08-11 04:10:00,1
1144,2023-08-11 04:30:00,3
1145,2023-08-11 04:40:00,3
1146,2023-08-11 04:50:00,7
1147,2023-08-11 05:00:00,2
1148,2023-08-11 06:10:00,5
1149,2023-08-11 06:20:00,3
1150,2023-08-11 06:30:00,9
1151,2023-08-11 06:40:00,1
1152,2023-08-11 06:50:00,2
1153,2023-08-11 07:00:00,6
1154,2023-08-11 07:10:00,18
1155,2023-08-11 07:30:00,18
1156,2023-08-11 07:40:00,13
1157,2023-08-11 07:50:00,6
1158,2023-08-11 08:00:00,13
1159,2023-08-11 08:10:00,24
1160,2023-08-11 08:20:00,37
1161,2023-08-11 08:30:00,10
1162,2023-08-11 08:40:00,14
1163,2023-08-11 08:50:00,31
1164,2023-08-11 09:00:00,36
1165,2023-08-11 09:10:00,12
1166,2023-08-11 09:30:00,22
1167,2023-08-11 09:40:00,30
1168,2023-08-11 09:50:00,33
1169,2023-08-11 10:00:00,20
1170,2023-08-11 10:10:00,45
1171,2023-08-11 10:20:00,33
1172,2023-08-11 10:40:00,57
1173,2023-08-11 10:50:00,69
1174,2023-08-11 11:00:00,66
1175,2023-08-11 11:10:00,30
1176,2023-08-11 11:20:00,34
1177,2023-08-11 11:30:00,58
1178,2023-08-11 11:40:00,23
1179,2023-08-11 11:50:00,50
1180,2023-08-11 12:00:00,14
1181,2023-08-11 12:10:00,50
1182,2023-08-11 12:20:00,29
1183,2023-08-11 12:30:00,65
1184,2023-08-11 12:40:00,19
1185,2023-08-11 12:50:00,95
1186,2023-08-11 13:00:00,71
1187,2023-08-11 13:10:00,44
1188,2023-08-11 13:30:00,27
1189,2023-08-11 13:40:00,69
1190,2023-08-11 13:50:00,42
1191,2023-08-11 14:00:00,48
1192,2023-08-11 14:10:00,67
1193,2023-08-11 14:20:00,106
1194,2023-08-11 14:30:00,83
1195,2023-08-11 14:40:00,89
1196,2023-08-11 14:50:00,76
1197,2023-08-11 15:00:00,67
1198,2023-08-11 15:10:00,79
1199,2023-08-11 15:20:00,70
1200,2023-08-11 15:30:00,44
1201,2023-08-11 15:40:00,55
1202,2023-08-11 15:50:00,51
1203,2023-08-11 16:00:00,35
1204,2023-08-11 16:10:00,23
1205,2023-08-11 16:20:00,43
1206,2023-08-11 16:30:00,62
1207,2023-08-11 16:40:00,47
1208,2023-08-11 16:50:00,80
1209,2023-08-11 17:00:00,109
1210,2023-08-11 17:10:00,126
1211,2023-08-11 17:20:00,84
1212,2023-08-11 17:30:00,74
1213,2023-08-11 17:40:00,106
1214,2023-08-11 17:50:00,82
1215,2023-08-11 18:00:00,46
1216,2023-08-11 18:20:00,21
1217,2023-08-11 18:30:00,12
1218,2023-08-11 18:40:00,39
1219,2023-08-11 18:50:00,51
1220,2023-08-11 19:00:00,47
1221,2023-08-11 19:10:00,104
1222,2023-08-11 19:20:00,71
1223,2023-08-11 19:30:00,119
1224,2023-08-11 19:50:00,84
1225,2023-08-11 20:10:00,107
1226,2023-08-11 20:30:00,219
1227,2023-08-11 20:40:00,263
1228,2023-08-11 20:50:00,222
1229,2023-08-11 21:00:00,310
1230,2023-08-11 21:10:00,356
1231,2023-08-11 21:20:00,225
1232,2023-08-11 21:30:00,238
1233,2023-08-11 21:40:00,233
1234,2023-08-11 21:50:00,214
1235,2023-08-11 22:00:00,337
1236,2023-08-11 22:10:00,288
1237,2023-08-11 22:20:00,221
1238,2023-08-11 22:30:00,123
1239,2023-08-11 22:40:00,189
1240,2023-08-11 22:50:00,156
1241,2023-08-11 23:00:00,103
1242,2023-08-11 23:10:00,57
1243,2023-08-11 23:20:00,90
1244,2023-08-11 23:30:00,15
1245,2023-08-11 23:50:00,16
1246,2023-08-12 00:00:00,91
1247,2023-08-12 00:10:00,58
1248,2023-08-12 00:20:00,41
1249,2023-08-12 00:30:00,30
1250,2023-08-12 00:40:00,20
1251,2023-08-12 00:50:00,12
1252,2023-08-12 01:00:00,8
1253,2023-08-12 01:10:00,1
1254,2023-08-12 01:20:00,4
1255,2023-08-12 01:30:00,12
1256,2023-08-12 01:40:00,5
1257,2023-08-12 01:50:00,6
1258,2023-08-12 02:00:00,2
1259,2023-08-12 02:20:00,5
1260,2023-08-12 02:30:00,2
1261,2023-08-12 02:40:00,4
1262,2023-08-12 03:00:00,5
1263,2023-08-12 03:20:00,2
1264,2023-08-12 03:40:00,2
1265,2023-08-12 04:00:00,12
1266,2023-08-12 04:10:00,6
1267,2023-08-12 04:30:00,1
1268,2023-08-12 04:40:00,1
1269,2023-08-12 05:00:00,1
1270,2023-08-12 06:00:00,3
1271,2023-08-12 06:10:00,5
1272,2023-08-12 06:20:00,2
1273,2023-08-12 06:30:00,6
1274,2023-08-12 06:40:00,9
1275,2023-08-12 06:50:00,7
1276,2023-08-12 07:00:00,9
1277,2023-08-12 07:10:00,7
1278,2023-08-12 07:20:00,10
1279,2023-08-12 07:30:00,11
1280,2023-08-12 07:40:00,7
1281,2023-08-12 07:50:00,11
1282,2023-08-12 08:00:00,4
1283,2023-08-12 08:10:00,39
1284,2023-08-12 08:20:00,22
1285,2023-08-12 08:30:00,33
1286,2023-08-12 08:40:00,15
1287,2023-08-12 08:50:00,16
1288,2023-08-12 09:10:00,30
1289,2023-08-12 09:20:00,22
1290,2023-08-12 09:30:00,32
1291,2023-08-12 09:40:00,37
1292,2023-08-12 09:50:00,46
1293,2023-08-12 10:00:00,30
1294,2023-08-12 10:10:00,59
1295,2023-08-12 10:20:00,64
1296,2023-08-12 10:30:00,2
1297,2023-08-12 10:40:00,25
1298,2023-08-12 10:50:00,78
1299,2023-08-12 11:00:00,41
1300,2023-08-12 11:10:00,46
1301,2023-08-12 11:20:00,70
1302,2023-08-12 11:30:00,51
1303,2023-08-12 11:40:00,69
1304,2023-08-12 11:50:00,76
1305,2023-08-12 12:00:00,46
1306,2023-08-12 12:10:00,6
1307,2023-08-12 12:20:00,25
1308,2023-08-12 12:30:00,92
1309,2023-08-12 12:40:00,100
1310,2023-08-12 12:50:00,77
1311,2023-08-12 13:00:00,99
1312,2023-08-12 13:10:00,50
1313,2023-08-12 13:20:00,96
1314,2023-08-12 13:30:00,43
1315,2023-08-12 13:40:00,52
1316,2023-08-12 13:50:00,19
1317,2023-08-12 14:00:00,4
1318,2023-08-12 14:10:00,43
1319,2023-08-12 14:20:00,56
1320,2023-08-12 14:30:00,79
1321,2023-08-12 14:40:00,29
1322,2023-08-12 14:50:00,36
1323,2023-08-12 15:00:00,43
1324,2023-08-12 15:10:00,55
1325,2023-08-12 15:20:00,29
1326,2023-08-12 15:30:00,28
1327,2023-08-12 15:40:00,58
1328,2023-08-12 15:50:00,60
1329,2023-08-12 16:00:00,55
1330,2023-08-12 16:10:00,48
1331,2023-08-12 16:20:00,26
1332,2023-08-12 16:30:00,18
1333,2023-08-12 16:40:00,35
1334,2023-08-12 16:50:00,50
1335,2023-08-12 17:00:00,28
1336,2023-08-12 17:10:00,8
1337,2023-08-12 17:20:00,41
1338,2023-08-12 17:30:00,47
1339,2023-08-12 17:40:00,41
1340,2023-08-12 18:00:00,27
1341,2023-08-12 18:10:00,7
1342,2023-08-12 18:30:00,29
1343,2023-08-12 18:40:00,26
1344,2023-08-12 19:00:00,29
1345,2023-08-12 19:10:00,84
1346,2023-08-12 19:30:00,53
1347,2023-08-12 19:40:00,41
1348,2023-08-12 19:50:00,128
1349,2023-08-12 20:00:00,192
1350,2023-08-12 20:10:00,51
1351,2023-08-12 20:20:00,178
1352,2023-08-12 20:30:00,383
1353,2023-08-12 20:40:00,107
1354,2023-08-12 20:50:00,321
1355,2023-08-12 21:00:00,198
1356,2023-08-12 21:10:00,184
1357,2023-08-12 21:20:00,206
1358,2023-08-12 21:30:00,211
1359,2023-08-12 21:40:00,236
1360,2023-08-12 21:50:00,265
1361,2023-08-12 22:00:00,252
1362,2023-08-12 22:10:00,9
1363,2023-08-12 22:20:00,343
1364,2023-08-12 22:30:00,183
1365,2023-08-12 22:40:00,95
1366,2023-08-12 22:50:00,174
1367,2023-08-12 23:00:00,244
1368,2023-08-12 23:10:00,158
1369,2023-08-12 23:20:00,200
1370,2023-08-12 23:30:00,207
1371,2023-08-12 23:40:00,95
1372,2023-08-12 23:50:00,107
1373,2023-08-13 00:00:00,101
1374,2023-08-13 00:10:00,154
1375,2023-08-13 00:20:00,147
1376,2023-08-13 00:30:00,89
1377,2023-08-13 00:40:00,69
1378,2023-08-13 00:50:00,66
1379,2023-08-13 01:00:00,64
1380,2023-08-13 01:10:00,64
1381,2023-08-13 01:20:00,72
1382,2023-08-13 01:30:00,51
1383,2023-08-13 01:40:00,75
1384,2023-08-13 01:50:00,37
1385,2023-08-13 02:00:00,39
1386,2023-08-13 02:10:00,24
1387,2023-08-13 02:20:00,10
1388,2023-08-13 02:30:00,13
1389,2023-08-13 02:40:00,9
1390,2023-08-13 02:50:00,4
1391,2023-08-13 03:00:00,4
1392,2023-08-13 03:10:00,8
1393,2023-08-13 03:20:00,6
1394,2023-08-13 03:30:00,9
1395,2023-08-13 03:40:00,6
1396,2023-08-13 03:50:00,6
1397,2023-08-13 04:00:00,6
1398,2023-08-13 04:10:00,10
1399,2023-08-13 04:20:00,4
1400,2023-08-13 04:30:00,8
1401,2023-08-13 04:40:00,3
1402,2023-08-13 04:50:00,4
1403,2023-08-13 05:00:00,4
1404,2023-08-13 06:00:00,1
1405,2023-08-13 06:10:00,4
1406,2023-08-13 06:20:00,3
1407,2023-08-13 06:30:00,2
1408,2023-08-13 06:40:00,4
1409,2023-08-13 06:50:00,2
1410,2023-08-13 07:00:00,3
1411,2023-08-13 07:10:00,13
1412,2023-08-13 07:20:00,4
1413,2023-08-13 07:30:00,20
1414,2023-08-13 07:40:00,16
1415,2023-08-13 07:50:00,16
1416,2023-08-13 08:00:00,13
1417,2023-08-13 08:10:00,12
1418,2023-08-13 08:20:00,33
1419,2023-08-13 08:30:00,11
1420,2023-08-13 08:40:00,17
1421,2023-08-13 08:50:00,22
1422,2023-08-13 09:00:00,30
1423,2023-08-13 09:10:00,57
1424,2023-08-13 09:20:00,32
1425,2023-08-13 09:30:00,75
1426,2023-08-13 09:40:00,66
1427,2023-08-13 09:50:00,41
1428,2023-08-13 10:00:00,70
1429,2023-08-13 10:10:00,56
1430,2023-08-13 10:20:00,61
1431,2023-08-13 10:30:00,67
1432,2023-08-13 10:40:00,90
1433,2023-08-13 10:50:00,108
1434,2023-08-13 11:00:00,63
1435,2023-08-13 11:10:00,51
1436,2023-08-13 11:20:00,72
1437,2023-08-13 11:30:00,110
1438,2023-08-13 11:40:00,73
1439,2023-08-13 11:50:00,82
1440,2023-08-13 12:00:00,67
1441,2023-08-13 12:10:00,59
1442,2023-08-13 12:20:00,95
1443,2023-08-13 12:30:00,78
1444,2023-08-13 12:40:00,31
1445,2023-08-13 12:50:00,86
1446,2023-08-13 13:00:00,88
1447,2023-08-13 13:10:00,124
1448,2023-08-13 13:20:00,72
1449,2023-08-13 13:30:00,92
1450,2023-08-13 13:40:00,121
1451,2023-08-13 13:50:00,94
1452,2023-08-13 14:00:00,67
1453,2023-08-13 14:10:00,57
1454,2023-08-13 14:20:00,64
1455,2023-08-13 14:30:00,77
1456,2023-08-13 14:40:00,80
1457,2023-08-13 14:50:00,78
1458,2023-08-13 15:00:00,50
1459,2023-08-13 15:10:00,68
1460,2023-08-13 15:20:00,78
1461,2023-08-13 15:30:00,116
1462,2023-08-13 15:40:00,79
1463,2023-08-13 15:50:00,78
1464,2023-08-13 16:00:00,73
1465,2023-08-13 16:10:00,82
1466,2023-08-13 16:20:00,76
1467,2023-08-13 16:30:00,57
1468,2023-08-13 16:40:00,59
1469,2023-08-13 16:50:00,78
1470,2023-08-13 17:00:00,89
1471,2023-08-13 17:10:00,71
1472,2023-08-13 17:20:00,73
1473,2023-08-13 17:30:00,36
1474,2023-08-13 17:40:00,26
1475,2023-08-13 17:50:00,57
1476,2023-08-13 18:00:00,63
1477,2023-08-13 18:10:00,48
1478,2023-08-13 18:20:00,39
1479,2023-08-13 18:30:00,8
1480,2023-08-13 18:40:00,41
1481,2023-08-13 18:50:00,52
1482,2023-08-13 19:00:00,90
1483,2023-08-13 19:10:00,108
1484,2023-08-13 19:20:00,98
1485,2023-08-13 19:30:00,78
1486,2023-08-13 19:40:00,55
1487,2023-08-13 19:50:00,68
1488,2023-08-13 20:00:00,79
1489,2023-08-13 20:10:00,56
1490,2023-08-13 20:20:00,112
1491,2023-08-13 20:30:00,61
1492,2023-08-13 20:40:00,67
1493,2023-08-13 20:50:00,45
1494,2023-08-13 21:00:00,59
1495,2023-08-13 21:10:00,47
1496,2023-08-13 21:20:00,140
1497,2023-08-13 21:30:00,116
1498,2023-08-13 21:40:00,84
1499,2023-08-13 21:50:00,105
1500,2023-08-13 22:00:00,97
1501,2023-08-13 22:10:00,130
1502,2023-08-13 22:20:00,105
1503,2023-08-13 22:30:00,71
1504,2023-08-13 22:40:00,45
1505,2023-08-13 22:50:00,35
1506,2023-08-13 23:00:00,39
1507,2023-08-13 23:10:00,35
1508,2023-08-13 23:20:00,31
1509,2023-08-13 23:30:00,46
1510,2023-08-13 23:40:00,16
1511,2023-08-13 23:50:00,13
1512,2023-08-14 00:00:00,20
1513,2023-08-14 00:10:00,2
1514,2023-08-14 00:20:00,1
1515,2023-08-14 00:30:00,1
1516,2023-08-14 00:40:00,4
1517,2023-08-14 01:10:00,1
1518,2023-08-14 01:40:00,6
1519,2023-08-14 02:00:00,1
1520,2023-08-14 02:10:00,1
1521,2023-08-14 02:20:00,1
1522,2023-08-14 02:30:00,1
1523,2023-08-14 03:00:00,1
1524,2023-08-14 03:30:00,1
1525,2023-08-14 03:50:00,3
1526,2023-08-14 04:10:00,3
1527,2023-08-14 04:20:00,2
1528,2023-08-14 04:30:00,2
1529,2023-08-14 04:40:00,6
1530,2023-08-14 04:50:00,5
1531,2023-08-14 06:10:00,4
1532,2023-08-14 06:20:00,4
1533,2023-08-14 06:40:00,3
1534,2023-08-14 06:50:00,18
1535,2023-08-14 07:00:00,2
1536,2023-08-14 07:10:00,3
1537,2023-08-14 07:20:00,13
1538,2023-08-14 07:30:00,9
1539,2023-08-14 07:40:00,15
1540,2023-08-14 07:50:00,19
1541,2023-08-14 08:00:00,33
1542,2023-08-14 08:10:00,29
1543,2023-08-14 08:20:00,29
1544,2023-08-14 08:30:00,23
1545,2023-08-14 08:40:00,32
1546,2023-08-14 08:50:00,29
1547,2023-08-14 09:00:00,31
1548,2023-08-14 09:10:00,53
1549,2023-08-14 09:20:00,40
1550,2023-08-14 09:30:00,38
1551,2023-08-14 09:40:00,36
1552,2023-08-14 09:50:00,44
1553,2023-08-14 10:00:00,23
1554,2023-08-14 10:10:00,38
1555,2023-08-14 10:20:00,53
1556,2023-08-14 10:30:00,58
1557,2023-08-14 10:40:00,52
1558,2023-08-14 10:50:00,41
1559,2023-08-14 11:00:00,46
1560,2023-08-14 11:10:00,61
1561,2023-08-14 11:20:00,52
1562,2023-08-14 11:30:00,54
1563,2023-08-14 11:40:00,34
1564,2023-08-14 11:50:00,69
1565,2023-08-14 12:00:00,26
1566,2023-08-14 12:10:00,39
1567,2023-08-14 12:20:00,16
1568,2023-08-14 12:30:00,39
1569,2023-08-14 12:50:00,42
1570,2023-08-14 13:00:00,57
1571,2023-08-14 13:10:00,40
1572,2023-08-14 13:20:00,48
1573,2023-08-14 13:30:00,26
1574,2023-08-14 13:40:00,58
1575,2023-08-14 13:50:00,56
1576,2023-08-14 14:00:00,89
1577,2023-08-14 14:10:00,67
1578,2023-08-14 14:20:00,41
1579,2023-08-14 14:30:00,41
1580,2023-08-14 14:40:00,46
1581,2023-08-14 14:50:00,38
1582,2023-08-14 15:00:00,31
1583,2023-08-14 15:10:00,35
1584,2023-08-14 15:20:00,25
1585,2023-08-14 15:30:00,44
1586,2023-08-14 15:40:00,19
1587,2023-08-14 15:50:00,68
1588,2023-08-14 16:00:00,48
1589,2023-08-14 16:10:00,45
1590,2023-08-14 16:20:00,37
1591,2023-08-14 16:30:00,36
1592,2023-08-14 16:40:00,58
1593,2023-08-14 16:50:00,60
1594,2023-08-14 17:00:00,70
1595,2023-08-14 17:10:00,51
1596,2023-08-14 17:20:00,24
1597,2023-08-14 17:30:00,51
1598,2023-08-14 17:40:00,53
1599,2023-08-14 17:50:00,75
1600,2023-08-14 18:00:00,86
1601,2023-08-14 18:10:00,109
1602,2023-08-14 18:20:00,102
1603,2023-08-14 18:30:00,202
1604,2023-08-14 18:40:00,233
1605,2023-08-14 18:50:00,262
1606,2023-08-14 19:00:00,201
1607,2023-08-14 19:10:00,215
1608,2023-08-14 19:20:00,133
1609,2023-08-14 19:30:00,226
1610,2023-08-14 19:40:00,155
1611,2023-08-14 19:50:00,96
1612,2023-08-14 20:00:00,347
1613,2023-08-14 20:10:00,283
1614,2023-08-14 20:20:00,197
1615,2023-08-14 20:30:00,276
1616,2023-08-14 20:40:00,346
1617,2023-08-14 20:50:00,357
1618,2023-08-14 21:00:00,327
1619,2023-08-14 21:10:00,186
1620,2023-08-14 21:20:00,264
1621,2023-08-14 21:30:00,271
1622,2023-08-14 21:40:00,272
1623,2023-08-14 21:50:00,79
1624,2023-08-14 22:10:00,83
1625,2023-08-14 22:20:00,6
1626,2023-08-14 22:30:00,164
1627,2023-08-14 22:40:00,179
1628,2023-08-14 22:50:00,257
1629,2023-08-14 23:00:00,103
1630,2023-08-14 23:30:00,159
1631,2023-08-14 23:40:00,70
1632,2023-08-15 00:00:00,13
1633,2023-08-15 00:10:00,103
1634,2023-08-15 00:20:00,31
1635,2023-08-15 00:30:00,37
1636,2023-08-15 00:40:00,10
1637,2023-08-15 01:00:00,10
1638,2023-08-15 01:20:00,12
1639,2023-08-15 01:30:00,35
1640,2023-08-15 01:40:00,27
1641,2023-08-15 01:50:00,64
1642,2023-08-15 02:00:00,3
1643,2023-08-15 02:10:00,23
1644,2023-08-15 02:20:00,1
1645,2023-08-15 02:30:00,8
1646,2023-08-15 02:40:00,6
1647,2023-08-15 02:50:00,7
1648,2023-08-15 03:10:00,10
1649,2023-08-15 03:20:00,8
1650,2023-08-15 03:30:00,9
1651,2023-08-15 03:40:00,8
1652,2023-08-15 03:50:00,6
1653,2023-08-15 04:00:00,4
1654,2023-08-15 04:10:00,1
1655,2023-08-15 04:20:00,4
1656,2023-08-15 06:10:00,4
1657,2023-08-15 06:20:00,6
1658,2023-08-15 06:30:00,1
1659,2023-08-15 06:40:00,2
1660,2023-08-15 06:50:00,35
1661,2023-08-15 07:00:00,26
1662,2023-08-15 07:10:00,12
1663,2023-08-15 07:30:00,10
1664,2023-08-15 07:40:00,10
1665,2023-08-15 07:50:00,27
1666,2023-08-15 08:00:00,42
1667,2023-08-15 08:10:00,63
1668,2023-08-15 08:20:00,35
1669,2023-08-15 08:30:00,15
1670,2023-08-15 08:40:00,7
1671,2023-08-15 08:50:00,14
1672,2023-08-15 09:00:00,20
1673,2023-08-15 09:10:00,11
1674,2023-08-15 09:30:00,27
1675,2023-08-15 09:40:00,21
1676,2023-08-15 09:50:00,48
1677,2023-08-15 10:00:00,43
1678,2023-08-15 10:10:00,31
1679,2023-08-15 10:30:00,37
1680,2023-08-15 10:40:00,40
1681,2023-08-15 10:50:00,28
1682,2023-08-15 11:00:00,25
1683,2023-08-15 11:10:00,47
1684,2023-08-15 11:20:00,41
1685,2023-08-15 11:30:00,6
1686,2023-08-15 11:40:00,35
1687,2023-08-15 11:50:00,35
1688,2023-08-15 12:00:00,28
1689,2023-08-15 12:10:00,17
1690,2023-08-15 12:20:00,21
1691,2023-08-15 12:30:00,29
1692,2023-08-15 12:40:00,49
1693,2023-08-15 12:50:00,72
1694,2023-08-15 13:00:00,58
1695,2023-08-15 13:10:00,20
1696,2023-08-15 13:20:00,23
1697,2023-08-15 13:40:00,15
1698,2023-08-15 13:50:00,50
1699,2023-08-15 14:00:00,51
1700,2023-08-15 14:10:00,28
1701,2023-08-15 14:20:00,48
1702,2023-08-15 14:30:00,61
1703,2023-08-15 14:40:00,33
1704,2023-08-15 14:50:00,26
1705,2023-08-15 15:00:00,14
1706,2023-08-15 15:10:00,31
1707,2023-08-15 15:20:00,23
1708,2023-08-15 15:30:00,40
1709,2023-08-15 15:40:00,85
1710,2023-08-15 15:50:00,55
1711,2023-08-15 16:00:00,73
1712,2023-08-15 16:10:00,42
1713,2023-08-15 16:40:00,6
1714,2023-08-15 17:00:00,18
1715,2023-08-15 17:10:00,11
1716,2023-08-15 17:20:00,24
1717,2023-08-15 17:30:00,28
1718,2023-08-15 17:40:00,7
1719,2023-08-15 17:50:00,25
1720,2023-08-15 18:10:00,25
1721,2023-08-15 18:30:00,25
1722,2023-08-15 18:50:00,2
1723,2023-08-15 19:00:00,11
1724,2023-08-15 19:20:00,19
1725,2023-08-15 19:40:00,3
1726,2023-08-15 20:00:00,5
1727,2023-08-15 20:20:00,5
1728,2023-08-15 20:40:00,4
1729,2023-08-15 21:00:00,8
1730,2023-08-15 21:10:00,2
1731,2023-08-15 21:20:00,1
1732,2023-08-15 21:30:00,1
1733,2023-08-15 21:50:00,3
1734,2023-08-15 22:00:00,13
1735,2023-08-15 22:30:00,44
1736,2023-08-15 22:50:00,2
1737,2023-08-15 23:00:00,10
1738,2023-08-15 23:40:00,4
1739,2023-08-16 00:50:00,1
1740,2023-08-16 01:00:00,3
1741,2023-08-16 01:50:00,4
1742,2023-08-16 02:00:00,3
1743,2023-08-16 02:10:00,2
1744,2023-08-16 02:20:00,1
1745,2023-08-16 02:30:00,3
1746,2023-08-16 02:50:00,1
1747,2023-08-16 03:00:00,1
1748,2023-08-16 03:10:00,1
1749,2023-08-16 03:20:00,3
1750,2023-08-16 03:30:00,1
1751,2023-08-16 03:40:00,1
1752,2023-08-16 03:50:00,3
1753,2023-08-16 04:00:00,1
1754,2023-08-16 04:20:00,3
1755,2023-08-16 04:30:00,1
1756,2023-08-16 06:10:00,3
1757,2023-08-16 06:20:00,2
1758,2023-08-16 06:30:00,5
1759,2023-08-16 06:40:00,6
1760,2023-08-16 07:10:00,9
1761,2023-08-16 07:20:00,1
1762,2023-08-16 07:40:00,13
1763,2023-08-16 07:50:00,15
1764,2023-08-16 08:00:00,4
1765,2023-08-16 08:10:00,6
1766,2023-08-16 08:20:00,17
1767,2023-08-16 08:30:00,28
1768,2023-08-16 08:40:00,29
1769,2023-08-16 08:50:00,56
1770,2023-08-16 09:00:00,5
1771,2023-08-16 09:10:00,64
1772,2023-08-16 09:20:00,26
1773,2023-08-16 09:30:00,28
1774,2023-08-16 09:40:00,35
1775,2023-08-16 09:50:00,28
1776,2023-08-16 10:00:00,23
1777,2023-08-16 10:10:00,30
1778,2023-08-16 10:20:00,45
1779,2023-08-16 10:30:00,66
1780,2023-08-16 10:40:00,47
1781,2023-08-16 10:50:00,88
1782,2023-08-16 11:00:00,57
1783,2023-08-16 11:10:00,72
1784,2023-08-16 11:20:00,70
1785,2023-08-16 11:30:00,33
1786,2023-08-16 11:40:00,44
1787,2023-08-16 11:50:00,257
1788,2023-08-16 12:00:00,259
1789,2023-08-16 12:10:00,296
1790,2023-08-16 12:20:00,320
1791,2023-08-16 12:30:00,153
1792,2023-08-16 12:40:00,162
1793,2023-08-16 12:50:00,65
1794,2023-08-16 13:00:00,69
1795,2023-08-16 13:10:00,46
1796,2023-08-16 13:20:00,36
1797,2023-08-16 13:30:00,53
1798,2023-08-16 13:40:00,89
1799,2023-08-16 13:50:00,69
1800,2023-08-16 14:00:00,67
1801,2023-08-16 14:10:00,61
1802,2023-08-16 14:20:00,68
1803,2023-08-16 14:30:00,46
1804,2023-08-16 14:40:00,41
1805,2023-08-16 14:50:00,80
1806,2023-08-16 15:00:00,9
1807,2023-08-16 15:20:00,43
1808,2023-08-16 15:30:00,41
1809,2023-08-16 15:40:00,51
1810,2023-08-16 15:50:00,50
1811,2023-08-16 16:00:00,49
1812,2023-08-16 16:10:00,57
1813,2023-08-16 16:20:00,68
1814,2023-08-16 16:30:00,24
1815,2023-08-16 16:40:00,35
1816,2023-08-16 16:50:00,42
1817,2023-08-16 17:00:00,95
1818,2023-08-16 17:10:00,42
1819,2023-08-16 17:20:00,54
1820,2023-08-16 17:30:00,41
1821,2023-08-16 17:40:00,30
1822,2023-08-16 17:50:00,56
1823,2023-08-16 18:00:00,31
1824,2023-08-16 18:10:00,26
1825,2023-08-16 18:20:00,37
1826,2023-08-16 18:30:00,63
1827,2023-08-16 18:40:00,42
1828,2023-08-16 18:50:00,18
1829,2023-08-16 19:00:00,49
1830,2023-08-16 19:10:00,43
1831,2023-08-16 19:20:00,24
1832,2023-08-16 19:30:00,64
1833,2023-08-16 19:40:00,38
1834,2023-08-16 19:50:00,40
1835,2023-08-16 20:00:00,28
1836,2023-08-16 20:10:00,21
1837,2023-08-16 20:30:00,7
1838,2023-08-16 20:40:00,35
1839,2023-08-16 20:50:00,24
1840,2023-08-16 21:00:00,26
1841,2023-08-16 21:10:00,16
1842,2023-08-16 21:20:00,45
1843,2023-08-16 21:30:00,43
1844,2023-08-16 21:40:00,11
1845,2023-08-16 21:50:00,18
1846,2023-08-16 22:00:00,62
1847,2023-08-16 22:20:00,8
1848,2023-08-16 22:30:00,28
1849,2023-08-16 22:50:00,4
1850,2023-08-16 23:20:00,3
1851,2023-08-16 23:30:00,2
1852,2023-08-16 23:40:00,6
1853,2023-08-16 23:50:00,4
1854,2023-08-17 00:00:00,13
1855,2023-08-17 00:10:00,11
1856,2023-08-17 00:20:00,4
1857,2023-08-17 00:30:00,1
1858,2023-08-17 00:50:00,1
1859,2023-08-17 01:00:00,2
1860,2023-08-17 01:20:00,1
1861,2023-08-17 01:30:00,1
1862,2023-08-17 01:50:00,2
1863,2023-08-17 02:00:00,1
1864,2023-08-17 02:20:00,1
1865,2023-08-17 02:30:00,2
1866,2023-08-17 02:50:00,2
1867,2023-08-17 03:10:00,2
1868,2023-08-17 03:20:00,1
1869,2023-08-17 03:30:00,3
1870,2023-08-17 03:40:00,1
1871,2023-08-17 03:50:00,2
1872,2023-08-17 04:10:00,1
1873,2023-08-17 04:20:00,11
1874,2023-08-17 04:30:00,15
1875,2023-08-17 04:40:00,3
1876,2023-08-17 04:50:00,4
1877,2023-08-17 05:10:00,2
1878,2023-08-17 06:00:00,1
1879,2023-08-17 06:10:00,6
1880,2023-08-17 06:20:00,6
1881,2023-08-17 06:30:00,7
1882,2023-08-17 06:40:00,11
1883,2023-08-17 06:50:00,21
1884,2023-08-17 07:00:00,4
1885,2023-08-17 07:10:00,11
1886,2023-08-17 07:20:00,2
1887,2023-08-17 07:30:00,5
1888,2023-08-17 07:40:00,23
1889,2023-08-17 07:50:00,14
1890,2023-08-17 08:00:00,20
1891,2023-08-17 08:10:00,9
1892,2023-08-17 08:20:00,21
1893,2023-08-17 08:30:00,23
1894,2023-08-17 08:40:00,24
1895,2023-08-17 08:50:00,35
1896,2023-08-17 09:00:00,10
1897,2023-08-17 09:10:00,34
1898,2023-08-17 09:20:00,47
1899,2023-08-17 09:30:00,18
1900,2023-08-17 09:40:00,35
1901,2023-08-17 09:50:00,20
1902,2023-08-17 10:00:00,67
1903,2023-08-17 10:10:00,61
1904,2023-08-17 10:20:00,61
1905,2023-08-17 10:30:00,57
1906,2023-08-17 10:40:00,51
1907,2023-08-17 10:50:00,74
1908,2023-08-17 11:00:00,39
1909,2023-08-17 11:10:00,91
1910,2023-08-17 11:20:00,104
1911,2023-08-17 11:30:00,80
1912,2023-08-17 11:40:00,63
1913,2023-08-17 11:50:00,88
1914,2023-08-17 12:00:00,79
1915,2023-08-17 12:10:00,47
1916,2023-08-17 12:20:00,35
1917,2023-08-17 12:30:00,8
1918,2023-08-17 12:40:00,13
1919,2023-08-17 13:00:00,61
1920,2023-08-17 13:10:00,29
1921,2023-08-17 13:20:00,59
1922,2023-08-17 13:30:00,76
1923,2023-08-17 13:40:00,36
1924,2023-08-17 13:50:00,21
1925,2023-08-17 14:00:00,1
1926,2023-08-17 14:20:00,66
1927,2023-08-17 14:30:00,37
1928,2023-08-17 14:40:00,18
1929,2023-08-17 14:50:00,8
1930,2023-08-17 15:00:00,29
1931,2023-08-17 15:10:00,30
1932,2023-08-17 15:20:00,50
1933,2023-08-17 15:30:00,47
1934,2023-08-17 15:40:00,29
1935,2023-08-17 15:50:00,45
1936,2023-08-17 16:00:00,60
1937,2023-08-17 16:10:00,28
1938,2023-08-17 16:20:00,1
1939,2023-08-17 16:40:00,4
1940,2023-08-17 16:50:00,11
1941,2023-08-17 17:00:00,21
1942,2023-08-17 17:10:00,9
1943,2023-08-17 17:30:00,19
1944,2023-08-17 17:40:00,12
1945,2023-08-17 17:50:00,20
1946,2023-08-17 18:00:00,61
1947,2023-08-17 18:10:00,29
1948,2023-08-17 18:20:00,22
1949,2023-08-17 18:30:00,31
1950,2023-08-17 18:40:00,51
1951,2023-08-17 18:50:00,13
1952,2023-08-17 19:00:00,1
1953,2023-08-17 19:10:00,7
1954,2023-08-17 19:20:00,10
1955,2023-08-17 19:40:00,19
1956,2023-08-17 20:00:00,37
1957,2023-08-17 20:10:00,45
1958,2023-08-17 20:20:00,28
1959,2023-08-17 20:30:00,102
1960,2023-08-17 20:40:00,66
1961,2023-08-17 21:00:00,59
1962,2023-08-17 21:10:00,22
1963,2023-08-17 21:20:00,41
1964,2023-08-17 21:30:00,60
1965,2023-08-17 21:40:00,63
1966,2023-08-17 22:00:00,21
1967,2023-08-17 22:20:00,31
1968,2023-08-17 22:30:00,19
1969,2023-08-17 22:50:00,10
1970,2023-08-17 23:00:00,41
1971,2023-08-17 23:30:00,1
1972,2023-08-17 23:50:00,11
1973,2023-08-18 00:00:00,4
1974,2023-08-18 00:10:00,1
1975,2023-08-18 00:30:00,3
1976,2023-08-18 00:40:00,1
1977,2023-08-18 01:40:00,1
1978,2023-08-18 02:00:00,1
1979,2023-08-18 02:10:00,1
1980,2023-08-18 02:20:00,2
1981,2023-08-18 02:30:00,4
1982,2023-08-18 02:40:00,1
1983,2023-08-18 03:00:00,1
1984,2023-08-18 03:10:00,2
1985,2023-08-18 03:20:00,1
1986,2023-08-18 03:30:00,1
1987,2023-08-18 04:10:00,2
1988,2023-08-18 04:30:00,1
1989,2023-08-18 04:50:00,1
1990,2023-08-18 06:10:00,1
1991,2023-08-18 06:20:00,1
1992,2023-08-18 06:30:00,3
1993,2023-08-18 06:40:00,17
1994,2023-08-18 06:50:00,15
1995,2023-08-18 07:00:00,11
1996,2023-08-18 07:10:00,11
1997,2023-08-18 07:20:00,15
1998,2023-08-18 07:30:00,2
1999,2023-08-18 07:50:00,30
2000,2023-08-18 08:00:00,2
2001,2023-08-18 08:30:00,6
2002,2023-08-18 08:40:00,4
2003,2023-08-18 08:50:00,33
2004,2023-08-18 09:10:00,17
2005,2023-08-18 09:20:00,49
2006,2023-08-18 09:30:00,26
2007,2023-08-18 09:40:00,25
2008,2023-08-18 09:50:00,17
2009,2023-08-18 10:00:00,55
2010,2023-08-18 10:10:00,73
2011,2023-08-18 10:20:00,28
2012,2023-08-18 10:30:00,65
2013,2023-08-18 10:40:00,7
2014,2023-08-18 10:50:00,3
2015,2023-08-18 11:00:00,4
2016,2023-08-18 11:10:00,29
2017,2023-08-18 11:20:00,34
2018,2023-08-18 11:30:00,38
2019,2023-08-18 11:40:00,57
2020,2023-08-18 11:50:00,30
2021,2023-08-18 12:10:00,7
2022,2023-08-18 12:20:00,72
2023,2023-08-18 12:30:00,60
2024,2023-08-18 12:40:00,21
2025,2023-08-18 12:50:00,18
2026,2023-08-18 13:00:00,46
2027,2023-08-18 13:10:00,22
2028,2023-08-18 13:20:00,31
2029,2023-08-18 13:30:00,15
2030,2023-08-18 13:40:00,9
2031,2023-08-18 14:00:00,18
2032,2023-08-18 14:10:00,32
2033,2023-08-18 14:30:00,20
2034,2023-08-18 14:50:00,44
2035,2023-08-18 15:00:00,58
2036,2023-08-18 15:10:00,160
2037,2023-08-18 15:20:00,106
2038,2023-08-18 15:30:00,106
2039,2023-08-18 15:40:00,131
2040,2023-08-18 15:50:00,8
2041,2023-08-18 16:00:00,23
2042,2023-08-18 16:10:00,43
2043,2023-08-18 16:20:00,67
2044,2023-08-18 16:30:00,47
2045,2023-08-18 16:40:00,45
2046,2023-08-18 16:50:00,11
2047,2023-08-18 17:10:00,113
2048,2023-08-18 17:20:00,1
2049,2023-08-18 17:30:00,23
2050,2023-08-18 17:40:00,26
2051,2023-08-18 17:50:00,49
2052,2023-08-18 18:00:00,44
2053,2023-08-18 18:10:00,23
2054,2023-08-18 18:20:00,60
2055,2023-08-18 18:30:00,42
2056,2023-08-18 18:40:00,51
2057,2023-08-18 18:50:00,104
2058,2023-08-18 19:00:00,64
2059,2023-08-18 19:20:00,69
2060,2023-08-18 19:30:00,198
2061,2023-08-18 19:40:00,241
2062,2023-08-18 19:50:00,232
2063,2023-08-18 20:00:00,241
2064,2023-08-18 20:10:00,281
2065,2023-08-18 20:20:00,122
2066,2023-08-18 20:30:00,266
2067,2023-08-18 20:40:00,101
2068,2023-08-18 20:50:00,303
2069,2023-08-18 21:00:00,342
2070,2023-08-18 21:10:00,311
2071,2023-08-18 21:30:00,82
2072,2023-08-18 21:40:00,220
2073,2023-08-18 22:00:00,240
2074,2023-08-18 22:10:00,196
2075,2023-08-18 22:20:00,36
2076,2023-08-18 22:30:00,99
2077,2023-08-18 22:40:00,166
2078,2023-08-18 22:50:00,70
2079,2023-08-18 23:00:00,156
2080,2023-08-18 23:10:00,289
2081,2023-08-18 23:20:00,185
2082,2023-08-18 23:30:00,157
2083,2023-08-18 23:40:00,58
2084,2023-08-18 23:50:00,16
2085,2023-08-19 00:00:00,4
2086,2023-08-19 00:10:00,31
2087,2023-08-19 00:20:00,9
2088,2023-08-19 00:30:00,16
2089,2023-08-19 00:50:00,5
2090,2023-08-19 01:00:00,9
2091,2023-08-19 06:20:00,3
2092,2023-08-19 06:40:00,1
2093,2023-08-19 07:00:00,2
2094,2023-08-19 07:10:00,15
2095,2023-08-19 07:20:00,13
2096,2023-08-19 07:30:00,7
2097,2023-08-19 07:40:00,26
2098,2023-08-19 07:50:00,23
2099,2023-08-19 08:10:00,6
2100,2023-08-19 08:20:00,11
2101,2023-08-19 08:30:00,18
2102,2023-08-19 08:40:00,1
2103,2023-08-19 08:50:00,6
2104,2023-08-19 09:00:00,39
2105,2023-08-19 09:10:00,12
2106,2023-08-19 09:20:00,29
2107,2023-08-19 09:30:00,28
2108,2023-08-19 09:40:00,4
2109,2023-08-19 10:00:00,55
2110,2023-08-19 10:10:00,59
2111,2023-08-19 10:20:00,12
2112,2023-08-19 10:30:00,17
2113,2023-08-19 10:40:00,15
2114,2023-08-19 11:00:00,85
2115,2023-08-19 11:10:00,80
2116,2023-08-19 11:20:00,73
2117,2023-08-19 11:30:00,58
2118,2023-08-19 11:50:00,20
2119,2023-08-19 12:00:00,43
2120,2023-08-19 12:20:00,12
2121,2023-08-19 12:30:00,24
2122,2023-08-19 12:40:00,9
2123,2023-08-19 12:50:00,10
2124,2023-08-19 13:00:00,25
2125,2023-08-19 13:10:00,46
2126,2023-08-19 13:20:00,46
2127,2023-08-19 13:30:00,21
2128,2023-08-19 13:40:00,15
2129,2023-08-19 13:50:00,32
2130,2023-08-19 14:10:00,34
2131,2023-08-19 14:20:00,22
2132,2023-08-19 14:30:00,61
2133,2023-08-19 14:40:00,67
2134,2023-08-19 14:50:00,112
2135,2023-08-19 15:00:00,3
2136,2023-08-19 15:10:00,41
2137,2023-08-19 15:20:00,41
2138,2023-08-19 15:30:00,38
2139,2023-08-19 15:40:00,45
2140,2023-08-19 15:50:00,27
2141,2023-08-19 16:00:00,4
2142,2023-08-19 16:10:00,7
2143,2023-08-19 16:30:00,31
2144,2023-08-19 16:40:00,65
2145,2023-08-19 16:50:00,49
2146,2023-08-19 17:00:00,36
2147,2023-08-19 17:10:00,60
2148,2023-08-19 17:20:00,58
2149,2023-08-19 17:40:00,12
2150,2023-08-19 17:50:00,79
2151,2023-08-19 18:00:00,67
2152,2023-08-19 18:10:00,113
2153,2023-08-19 18:20:00,20
2154,2023-08-19 18:30:00,18
2155,2023-08-19 18:40:00,79
2156,2023-08-19 18:50:00,34
2157,2023-08-19 19:00:00,181
2158,2023-08-19 19:10:00,6
2159,2023-08-19 19:30:00,120
2160,2023-08-19 19:40:00,85
2161,2023-08-19 19:50:00,162
2162,2023-08-19 20:10:00,7
2163,2023-08-19 20:20:00,171
2164,2023-08-19 20:30:00,157
2165,2023-08-19 20:40:00,186
2166,2023-08-19 20:50:00,192
2167,2023-08-19 21:00:00,131
2168,2023-08-19 21:10:00,112
2169,2023-08-19 21:20:00,197
2170,2023-08-19 21:30:00,216
2171,2023-08-19 21:40:00,313
2172,2023-08-19 21:50:00,134
2173,2023-08-19 22:00:00,148
2174,2023-08-19 22:10:00,55
2175,2023-08-19 22:30:00,43
2176,2023-08-19 22:40:00,53
2177,2023-08-19 22:50:00,37
2178,2023-08-19 23:10:00,9
2179,2023-08-19 23:20:00,29
2180,2023-08-19 23:30:00,43
2181,2023-08-19 23:40:00,25
2182,2023-08-20 00:00:00,11
2183,2023-08-20 00:20:00,25
2184,2023-08-20 00:30:00,19
2185,2023-08-20 00:50:00,12
2186,2023-08-20 01:10:00,10
2187,2023-08-20 01:20:00,3
2188,2023-08-20 01:30:00,2
2189,2023-08-20 01:40:00,1
2190,2023-08-20 01:50:00,3
2191,2023-08-20 02:00:00,3
2192,2023-08-20 02:10:00,1
2193,2023-08-20 02:20:00,5
2194,2023-08-20 02:30:00,2
2195,2023-08-20 03:00:00,1
2196,2023-08-20 03:10:00,1
2197,2023-08-20 04:00:00,3
2198,2023-08-20 04:30:00,2
2199,2023-08-20 04:40:00,3
2200,2023-08-20 04:50:00,2
2201,2023-08-20 06:50:00,10
2202,2023-08-20 07:00:00,1
2203,2023-08-20 07:10:00,6
2204,2023-08-20 07:20:00,4
2205,2023-08-20 07:30:00,7
2206,2023-08-20 07:40:00,7
2207,2023-08-20 07:50:00,7
2208,2023-08-20 08:00:00,1
2209,2023-08-20 08:10:00,5
2210,2023-08-20 08:20:00,2
2211,2023-08-20 08:30:00,10
2212,2023-08-20 08:40:00,16
2213,2023-08-20 08:50:00,7
2214,2023-08-20 09:00:00,30
2215,2023-08-20 09:10:00,18
2216,2023-08-20 09:30:00,21
2217,2023-08-20 09:40:00,57
2218,2023-08-20 09:50:00,34
2219,2023-08-20 10:00:00,18
2220,2023-08-20 10:10:00,11
2221,2023-08-20 10:20:00,10
2222,2023-08-20 10:30:00,50
2223,2023-08-20 10:40:00,30
2224,2023-08-20 10:50:00,1
2225,2023-08-20 11:00:00,45
2226,2023-08-20 11:10:00,29
2227,2023-08-20 11:20:00,12
2228,2023-08-20 11:30:00,26
2229,2023-08-20 11:40:00,17
2230,2023-08-20 11:50:00,8
2231,2023-08-20 12:00:00,32
2232,2023-08-20 12:10:00,39
2233,2023-08-20 12:20:00,26
2234,2023-08-20 12:30:00,30
2235,2023-08-20 12:50:00,13
2236,2023-08-20 13:00:00,22
2237,2023-08-20 13:10:00,10
2238,2023-08-20 13:20:00,49
2239,2023-08-20 13:30:00,38
2240,2023-08-20 13:40:00,21
2241,2023-08-20 13:50:00,10
2242,2023-08-20 14:00:00,12
2243,2023-08-20 14:10:00,5
2244,2023-08-20 14:20:00,15
2245,2023-08-20 14:30:00,35
2246,2023-08-20 14:40:00,17
2247,2023-08-20 14:50:00,14
2248,2023-08-20 15:00:00,36
2249,2023-08-20 15:10:00,33
2250,2023-08-20 15:20:00,26
2251,2023-08-20 15:30:00,13
2252,2023-08-20 15:40:00,14
2253,2023-08-20 15:50:00,10
2254,2023-08-20 16:00:00,1
2255,2023-08-20 16:10:00,11
2256,2023-08-20 16:20:00,20
2257,2023-08-20 16:30:00,1
2258,2023-08-20 16:50:00,10
2259,2023-08-20 17:00:00,23
2260,2023-08-20 17:10:00,4
2261,2023-08-20 17:30:00,28
2262,2023-08-20 17:40:00,22
2263,2023-08-20 17:50:00,17
2264,2023-08-20 18:00:00,8
2265,2023-08-20 18:20:00,19
2266,2023-08-20 18:40:00,6
2267,2023-08-20 18:50:00,16
2268,2023-08-20 19:00:00,19
2269,2023-08-20 19:20:00,9
2270,2023-08-20 19:30:00,13
2271,2023-08-20 20:00:00,37
2272,2023-08-20 20:10:00,33
2273,2023-08-20 20:20:00,18
2274,2023-08-20 20:30:00,7
2275,2023-08-20 20:40:00,2
2276,2023-08-20 21:10:00,11
2277,2023-08-20 21:20:00,12
2278,2023-08-20 21:40:00,11
2279,2023-08-20 21:50:00,4
2280,2023-08-20 22:00:00,1
2281,2023-08-20 22:10:00,1
2282,2023-08-20 22:20:00,43
2283,2023-08-20 22:30:00,25
2284,2023-08-20 22:40:00,1
2285,2023-08-20 22:50:00,7
2286,2023-08-20 23:20:00,1
2287,2023-08-20 23:30:00,1
2288,2023-08-20 23:40:00,1
2289,2023-08-20 23:50:00,1
2290,2023-08-21 00:00:00,6
2291,2023-08-21 00:10:00,5
2292,2023-08-21 00:30:00,1
2293,2023-08-21 00:50:00,1
2294,2023-08-21 01:10:00,2
2295,2023-08-21 01:20:00,3
2296,2023-08-21 01:30:00,2
2297,2023-08-21 01:50:00,2
2298,2023-08-21 02:00:00,1
2299,2023-08-21 02:10:00,2
2300,2023-08-21 02:30:00,1
2301,2023-08-21 02:40:00,1
2302,2023-08-21 02:50:00,3
2303,2023-08-21 03:00:00,2
2304,2023-08-21 03:20:00,3
2305,2023-08-21 03:30:00,1
2306,2023-08-21 03:40:00,1
2307,2023-08-21 04:00:00,1
2308,2023-08-21 04:10:00,1
2309,2023-08-21 04:30:00,1
2310,2023-08-21 04:40:00,1
2311,2023-08-21 05:00:00,4
2312,2023-08-21 06:10:00,5
2313,2023-08-21 06:20:00,3
2314,2023-08-21 06:30:00,8
2315,2023-08-21 06:50:00,6
2316,2023-08-21 07:00:00,10
2317,2023-08-21 07:10:00,10
2318,2023-08-21 07:20:00,12
2319,2023-08-21 07:30:00,1
2320,2023-08-21 07:40:00,15
2321,2023-08-21 07:50:00,1
2322,2023-08-21 08:00:00,7
2323,2023-08-21 08:20:00,20
2324,2023-08-21 08:40:00,7
2325,2023-08-21 08:50:00,7
2326,2023-08-21 09:00:00,21
2327,2023-08-21 09:10:00,9
2328,2023-08-21 09:20:00,21
2329,2023-08-21 09:30:00,41
2330,2023-08-21 09:40:00,7
2331,2023-08-21 09:50:00,13
2332,2023-08-21 10:00:00,4
2333,2023-08-21 10:20:00,10
2334,2023-08-21 10:30:00,8
2335,2023-08-21 10:40:00,6
2336,2023-08-21 10:50:00,13
2337,2023-08-21 11:00:00,25
2338,2023-08-21 11:20:00,20
2339,2023-08-21 11:30:00,27
2340,2023-08-21 11:40:00,1
2341,2023-08-21 11:50:00,13
2342,2023-08-21 12:10:00,36
2343,2023-08-21 12:30:00,26
2344,2023-08-21 12:40:00,48
2345,2023-08-21 12:50:00,13
2346,2023-08-21 13:00:00,19
2347,2023-08-21 13:10:00,10
2348,2023-08-21 13:20:00,26
2349,2023-08-21 13:30:00,3
2350,2023-08-21 13:40:00,17
2351,2023-08-21 13:50:00,15
2352,2023-08-21 14:00:00,24
2353,2023-08-21 14:10:00,19
2354,2023-08-21 14:30:00,62
2355,2023-08-21 14:40:00,18
2356,2023-08-21 14:50:00,1
2357,2023-08-21 15:00:00,24
2358,2023-08-21 15:10:00,9
2359,2023-08-21 15:20:00,20
2360,2023-08-21 15:30:00,31
2361,2023-08-21 15:40:00,17
2362,2023-08-21 15:50:00,18
2363,2023-08-21 16:00:00,16
2364,2023-08-21 16:10:00,22
2365,2023-08-21 16:20:00,4
2366,2023-08-21 16:40:00,13
2367,2023-08-21 16:50:00,19
2368,2023-08-21 17:00:00,12
2369,2023-08-21 17:10:00,54
2370,2023-08-21 17:20:00,38
2371,2023-08-21 17:30:00,29
2372,2023-08-21 17:40:00,76
2373,2023-08-21 17:50:00,29
2374,2023-08-21 18:00:00,23
2375,2023-08-21 18:10:00,47
2376,2023-08-21 18:20:00,40
2377,2023-08-21 18:30:00,64
2378,2023-08-21 18:40:00,26
2379,2023-08-21 18:50:00,63
2380,2023-08-21 19:00:00,77
2381,2023-08-21 19:10:00,105
2382,2023-08-21 19:30:00,53
2383,2023-08-21 19:40:00,22
2384,2023-08-21 19:50:00,5
2385,2023-08-21 20:00:00,65
2386,2023-08-21 20:10:00,99
2387,2023-08-21 20:20:00,89
2388,2023-08-21 20:30:00,163
2389,2023-08-21 21:00:00,107
2390,2023-08-21 21:10:00,83
2391,2023-08-21 21:20:00,99
2392,2023-08-21 21:40:00,244
2393,2023-08-21 21:50:00,323
2394,2023-08-21 22:00:00,289
2395,2023-08-21 22:10:00,552
2396,2023-08-21 22:20:00,196
2397,2023-08-21 22:40:00,20
2398,2023-08-21 22:50:00,62
2399,2023-08-21 23:00:00,50
2400,2023-08-21 23:10:00,34
2401,2023-08-21 23:20:00,64
2402,2023-08-21 23:30:00,74
2403,2023-08-21 23:40:00,97
2404,2023-08-21 23:50:00,67
2405,2023-08-22 00:00:00,24
2406,2023-08-22 00:10:00,25
2407,2023-08-22 00:20:00,10
2408,2023-08-22 00:30:00,14
2409,2023-08-22 00:40:00,4
2410,2023-08-22 00:50:00,2
2411,2023-08-22 01:00:00,3
2412,2023-08-22 01:10:00,1
2413,2023-08-22 01:20:00,10
2414,2023-08-22 01:30:00,3
2415,2023-08-22 01:40:00,1
2416,2023-08-22 01:50:00,1
2417,2023-08-22 02:20:00,1
2418,2023-08-22 02:50:00,2
2419,2023-08-22 03:40:00,1
2420,2023-08-22 03:50:00,1
2421,2023-08-22 04:20:00,2
2422,2023-08-22 04:30:00,2
2423,2023-08-22 04:40:00,1
2424,2023-08-22 04:50:00,1
2425,2023-08-22 06:00:00,2
2426,2023-08-22 06:10:00,7
2427,2023-08-22 06:20:00,4
2428,2023-08-22 06:30:00,1
2429,2023-08-22 06:40:00,1
2430,2023-08-22 06:50:00,3
2431,2023-08-22 07:00:00,5
2432,2023-08-22 07:10:00,20
2433,2023-08-22 07:20:00,7
2434,2023-08-22 07:30:00,4
2435,2023-08-22 07:40:00,4
2436,2023-08-22 07:50:00,21
2437,2023-08-22 08:00:00,22
2438,2023-08-22 08:10:00,13
2439,2023-08-22 08:20:00,26
2440,2023-08-22 08:30:00,1
2441,2023-08-22 08:40:00,14
2442,2023-08-22 08:50:00,8
2443,2023-08-22 09:00:00,14
2444,2023-08-22 09:10:00,14
2445,2023-08-22 09:30:00,8
2446,2023-08-22 09:40:00,29
2447,2023-08-22 09:50:00,18
2448,2023-08-22 10:00:00,39
2449,2023-08-22 10:10:00,16
2450,2023-08-22 10:20:00,25
2451,2023-08-22 10:30:00,19
2452,2023-08-22 10:40:00,29
2453,2023-08-22 10:50:00,37
2454,2023-08-22 11:00:00,54
2455,2023-08-22 11:10:00,50
2456,2023-08-22 11:20:00,78
2457,2023-08-22 11:30:00,33
2458,2023-08-22 11:40:00,13
2459,2023-08-22 12:00:00,35
2460,2023-08-22 12:10:00,37
2461,2023-08-22 12:20:00,74
2462,2023-08-22 12:30:00,65
2463,2023-08-22 12:40:00,80
2464,2023-08-22 12:50:00,34
2465,2023-08-22 13:00:00,27
2466,2023-08-22 13:10:00,40
2467,2023-08-22 13:20:00,31
2468,2023-08-22 13:30:00,21
2469,2023-08-22 13:40:00,31
2470,2023-08-22 13:50:00,23
2471,2023-08-22 14:00:00,73
2472,2023-08-22 14:10:00,59
2473,2023-08-22 14:20:00,38
2474,2023-08-22 14:30:00,24
2475,2023-08-22 14:40:00,48
2476,2023-08-22 14:50:00,16
2477,2023-08-22 15:00:00,39
2478,2023-08-22 15:10:00,14
2479,2023-08-22 15:20:00,25
2480,2023-08-22 15:30:00,30
2481,2023-08-22 15:40:00,4
2482,2023-08-22 15:50:00,21
2483,2023-08-22 16:00:00,13
2484,2023-08-22 16:10:00,7
2485,2023-08-22 16:20:00,42
2486,2023-08-22 16:30:00,25
2487,2023-08-22 16:40:00,29
2488,2023-08-22 16:50:00,9
2489,2023-08-22 17:00:00,29
2490,2023-08-22 17:10:00,23
2491,2023-08-22 17:20:00,13
2492,2023-08-22 17:40:00,39
2493,2023-08-22 17:50:00,23
2494,2023-08-22 18:00:00,22
2495,2023-08-22 18:10:00,25
2496,2023-08-22 18:20:00,46
2497,2023-08-22 18:30:00,53
2498,2023-08-22 18:40:00,26
2499,2023-08-22 18:50:00,14
2500,2023-08-22 19:00:00,47
2501,2023-08-22 19:10:00,28
2502,2023-08-22 19:20:00,12
2503,2023-08-22 19:40:00,4
2504,2023-08-22 19:50:00,26
2505,2023-08-22 20:10:00,27
2506,2023-08-22 20:20:00,80
2507,2023-08-22 20:30:00,13
2508,2023-08-22 20:40:00,5
2509,2023-08-22 20:50:00,43
2510,2023-08-22 21:00:00,33
2511,2023-08-22 21:10:00,38
2512,2023-08-22 21:20:00,5
2513,2023-08-22 21:30:00,33
2514,2023-08-22 21:40:00,37
2515,2023-08-22 21:50:00,54
2516,2023-08-22 22:00:00,19
2517,2023-08-22 22:20:00,4
2518,2023-08-22 22:30:00,5
2519,2023-08-22 22:40:00,13
2520,2023-08-22 22:50:00,9
2521,2023-08-22 23:00:00,2
2522,2023-08-22 23:10:00,12
2523,2023-08-22 23:20:00,5
2524,2023-08-22 23:30:00,3
2525,2023-08-22 23:40:00,4
2526,2023-08-23 00:00:00,1
2527,2023-08-23 00:20:00,2
2528,2023-08-23 00:50:00,1
2529,2023-08-23 01:00:00,5
2530,2023-08-23 01:30:00,3
2531,2023-08-23 01:50:00,1
2532,2023-08-23 02:20:00,2
2533,2023-08-23 02:40:00,1
2534,2023-08-23 02:50:00,1
2535,2023-08-23 03:20:00,1
2536,2023-08-23 03:30:00,1
2537,2023-08-23 04:10:00,1
2538,2023-08-23 04:20:00,1
2539,2023-08-23 04:30:00,2
2540,2023-08-23 04:40:00,2
2541,2023-08-23 04:50:00,2
2542,2023-08-23 06:00:00,1
2543,2023-08-23 06:10:00,25
2544,2023-08-23 06:20:00,20
2545,2023-08-23 06:40:00,1
2546,2023-08-23 06:50:00,4
2547,2023-08-23 07:00:00,5
2548,2023-08-23 07:10:00,2
2549,2023-08-23 07:20:00,21
2550,2023-08-23 07:30:00,21
2551,2023-08-23 07:40:00,5
2552,2023-08-23 07:50:00,14
2553,2023-08-23 08:00:00,17
2554,2023-08-23 08:10:00,25
2555,2023-08-23 08:20:00,31
2556,2023-08-23 08:30:00,23
2557,2023-08-23 08:40:00,15
2558,2023-08-23 08:50:00,31
2559,2023-08-23 09:00:00,34
2560,2023-08-23 09:10:00,9
2561,2023-08-23 09:30:00,4
2562,2023-08-23 09:40:00,32
2563,2023-08-23 09:50:00,9
2564,2023-08-23 10:10:00,53
2565,2023-08-23 10:20:00,42
2566,2023-08-23 10:30:00,13
2567,2023-08-23 10:40:00,5
2568,2023-08-23 10:50:00,20
2569,2023-08-23 11:00:00,20
2570,2023-08-23 11:20:00,23
2571,2023-08-23 11:30:00,31
2572,2023-08-23 11:40:00,85
2573,2023-08-23 12:00:00,32
2574,2023-08-23 12:10:00,16
2575,2023-08-23 12:20:00,27
2576,2023-08-23 12:40:00,3
2577,2023-08-23 12:50:00,27
2578,2023-08-23 13:00:00,2
2579,2023-08-23 13:10:00,10
2580,2023-08-23 13:20:00,11
2581,2023-08-23 13:30:00,18
2582,2023-08-23 13:40:00,21
2583,2023-08-23 13:50:00,44
2584,2023-08-23 14:00:00,3
2585,2023-08-23 14:10:00,38
2586,2023-08-23 14:30:00,36
2587,2023-08-23 14:40:00,37
2588,2023-08-23 14:50:00,65
2589,2023-08-23 15:00:00,53
2590,2023-08-23 15:10:00,19
2591,2023-08-23 15:20:00,40
2592,2023-08-23 15:30:00,71
2593,2023-08-23 15:40:00,37
2594,2023-08-23 15:50:00,12
2595,2023-08-23 16:00:00,70
2596,2023-08-23 16:10:00,46
2597,2023-08-23 16:20:00,37
2598,2023-08-23 16:30:00,40
2599,2023-08-23 16:40:00,23
2600,2023-08-23 16:50:00,34
2601,2023-08-23 17:00:00,35
2602,2023-08-23 17:10:00,14
2603,2023-08-23 17:20:00,30
2604,2023-08-23 17:30:00,14
2605,2023-08-23 17:40:00,15
2606,2023-08-23 17:50:00,48
2607,2023-08-23 18:00:00,93
2608,2023-08-23 18:10:00,47
2609,2023-08-23 18:20:00,96
2610,2023-08-23 18:30:00,81
2611,2023-08-23 18:40:00,38
2612,2023-08-23 18:50:00,108
2613,2023-08-23 19:00:00,89
2614,2023-08-23 19:10:00,126
2615,2023-08-23 19:20:00,81
2616,2023-08-23 19:30:00,100
2617,2023-08-23 19:40:00,43
2618,2023-08-23 19:50:00,80
2619,2023-08-23 20:00:00,79
2620,2023-08-23 20:10:00,91
2621,2023-08-23 20:20:00,113
2622,2023-08-23 20:30:00,93
2623,2023-08-23 20:40:00,64
2624,2023-08-23 21:00:00,26
2625,2023-08-23 21:10:00,50
2626,2023-08-23 21:20:00,4
2627,2023-08-23 21:30:00,28
2628,2023-08-23 21:40:00,95
2629,2023-08-23 21:50:00,36
2630,2023-08-23 22:00:00,59
2631,2023-08-23 22:10:00,39
2632,2023-08-23 22:30:00,5
2633,2023-08-23 22:40:00,32
2634,2023-08-23 22:50:00,14
2635,2023-08-23 23:10:00,11
2636,2023-08-23 23:30:00,8
2637,2023-08-23 23:40:00,9
2638,2023-08-23 23:50:00,2
2639,2023-08-24 00:00:00,14
2640,2023-08-24 00:10:00,31
2641,2023-08-24 00:20:00,7
2642,2023-08-24 00:30:00,5
2643,2023-08-24 00:40:00,2
2644,2023-08-24 00:50:00,6
2645,2023-08-24 01:00:00,7
2646,2023-08-24 01:10:00,2
2647,2023-08-24 01:20:00,3
2648,2023-08-24 01:40:00,2
2649,2023-08-24 03:10:00,1
2650,2023-08-24 04:00:00,3
2651,2023-08-24 04:10:00,3
2652,2023-08-24 04:20:00,7
2653,2023-08-24 04:50:00,2
2654,2023-08-24 06:10:00,8
2655,2023-08-24 06:30:00,1
2656,2023-08-24 07:10:00,6
2657,2023-08-24 07:30:00,11
2658,2023-08-24 07:40:00,11
2659,2023-08-24 07:50:00,1
2660,2023-08-24 08:10:00,4
2661,2023-08-24 08:20:00,6
2662,2023-08-24 08:30:00,1
2663,2023-08-24 08:40:00,6
2664,2023-08-24 08:50:00,1
2665,2023-08-24 09:00:00,10
2666,2023-08-24 09:10:00,2
2667,2023-08-24 09:30:00,16
2668,2023-08-24 09:40:00,1
2669,2023-08-24 09:50:00,69
2670,2023-08-24 10:00:00,59
2671,2023-08-24 10:10:00,26
2672,2023-08-24 10:20:00,40
2673,2023-08-24 10:30:00,33
2674,2023-08-24 10:40:00,54
2675,2023-08-24 11:00:00,26
2676,2023-08-24 11:10:00,16
2677,2023-08-24 11:20:00,94
2678,2023-08-24 11:30:00,26
2679,2023-08-24 11:40:00,20
2680,2023-08-24 12:00:00,3
2681,2023-08-24 12:10:00,16
2682,2023-08-24 12:30:00,8
2683,2023-08-24 12:40:00,21
2684,2023-08-24 13:00:00,9
2685,2023-08-24 13:10:00,83
2686,2023-08-24 13:20:00,86
2687,2023-08-24 13:30:00,29
2688,2023-08-24 13:40:00,36
2689,2023-08-24 13:50:00,34
2690,2023-08-24 14:00:00,94
2691,2023-08-24 14:10:00,107
2692,2023-08-24 14:20:00,26
2693,2023-08-24 14:30:00,84
2694,2023-08-24 14:40:00,7
2695,2023-08-24 14:50:00,7
2696,2023-08-24 15:00:00,26
2697,2023-08-24 15:10:00,46
2698,2023-08-24 15:20:00,94
2699,2023-08-24 15:40:00,62
2700,2023-08-24 16:00:00,49
2701,2023-08-24 16:10:00,47
2702,2023-08-24 16:20:00,61
2703,2023-08-24 16:30:00,45
2704,2023-08-24 16:50:00,156
2705,2023-08-24 17:00:00,131
2706,2023-08-24 17:20:00,109
2707,2023-08-24 17:30:00,61
2708,2023-08-24 17:40:00,218
2709,2023-08-24 17:50:00,123
2710,2023-08-24 18:00:00,386
2711,2023-08-24 18:10:00,180
2712,2023-08-24 18:20:00,94
2713,2023-08-24 18:40:00,385
2714,2023-08-24 18:50:00,743
2715,2023-08-24 19:00:00,470
2716,2023-08-24 19:10:00,471
2717,2023-08-24 19:20:00,531
2718,2023-08-24 19:30:00,134
2719,2023-08-24 19:40:00,14
2720,2023-08-24 19:50:00,271
2721,2023-08-24 20:10:00,93
2722,2023-08-24 20:20:00,440
2723,2023-08-24 20:30:00,327
2724,2023-08-24 20:40:00,254
2725,2023-08-24 20:50:00,646
2726,2023-08-24 21:00:00,599
2727,2023-08-24 21:10:00,379
2728,2023-08-24 21:30:00,1
2729,2023-08-24 21:40:00,146
2730,2023-08-24 22:00:00,15
2731,2023-08-24 22:10:00,179
2732,2023-08-24 22:30:00,108
2733,2023-08-24 22:40:00,138
2734,2023-08-24 22:50:00,129
2735,2023-08-24 23:00:00,47
2736,2023-08-24 23:10:00,10
2737,2023-08-24 23:20:00,14
2738,2023-08-24 23:30:00,109
2739,2023-08-24 23:40:00,40
2740,2023-08-24 23:50:00,17
2741,2023-08-25 00:00:00,37
2742,2023-08-25 00:10:00,7
2743,2023-08-25 00:20:00,10
2744,2023-08-25 00:30:00,16
2745,2023-08-25 00:40:00,17
2746,2023-08-25 00:50:00,10
2747,2023-08-25 01:00:00,19
2748,2023-08-25 01:10:00,29
2749,2023-08-25 01:20:00,8
2750,2023-08-25 01:30:00,5
2751,2023-08-25 01:40:00,5
2752,2023-08-25 01:50:00,4
2753,2023-08-25 02:00:00,4
2754,2023-08-25 02:10:00,11
2755,2023-08-25 02:20:00,2
2756,2023-08-25 02:30:00,7
2757,2023-08-25 02:40:00,2
2758,2023-08-25 02:50:00,3
2759,2023-08-25 03:00:00,3
2760,2023-08-25 03:10:00,4
2761,2023-08-25 03:20:00,3
2762,2023-08-25 03:30:00,3
2763,2023-08-25 03:40:00,1
2764,2023-08-25 03:50:00,5
2765,2023-08-25 04:00:00,13
2766,2023-08-25 04:20:00,2
2767,2023-08-25 04:30:00,1
2768,2023-08-25 04:40:00,1
2769,2023-08-25 04:50:00,2
2770,2023-08-25 06:10:00,5
2771,2023-08-25 06:30:00,10
2772,2023-08-25 06:40:00,8
2773,2023-08-25 06:50:00,5
2774,2023-08-25 07:00:00,5
2775,2023-08-25 07:10:00,4
2776,2023-08-25 07:20:00,11
2777,2023-08-25 07:30:00,3
2778,2023-08-25 07:40:00,3
2779,2023-08-25 07:50:00,43
2780,2023-08-25 08:00:00,5
2781,2023-08-25 08:10:00,7
2782,2023-08-25 08:20:00,17
2783,2023-08-25 08:30:00,5
2784,2023-08-25 08:40:00,4
2785,2023-08-25 08:50:00,5
2786,2023-08-25 09:00:00,31
2787,2023-08-25 09:10:00,15
2788,2023-08-25 09:20:00,14
2789,2023-08-25 09:30:00,7
2790,2023-08-25 09:40:00,8
2791,2023-08-25 10:00:00,23
2792,2023-08-25 10:10:00,64
2793,2023-08-25 10:20:00,69
2794,2023-08-25 10:30:00,51
2795,2023-08-25 10:40:00,49
2796,2023-08-25 10:50:00,68
2797,2023-08-25 11:00:00,104
2798,2023-08-25 11:10:00,166
2799,2023-08-25 11:20:00,38
2800,2023-08-25 11:30:00,69
2801,2023-08-25 11:40:00,78
2802,2023-08-25 11:50:00,53
2803,2023-08-25 12:00:00,54
2804,2023-08-25 12:10:00,39
2805,2023-08-25 12:20:00,78
2806,2023-08-25 12:30:00,103
2807,2023-08-25 12:40:00,59
2808,2023-08-25 12:50:00,47
2809,2023-08-25 13:00:00,101
2810,2023-08-25 13:10:00,87
2811,2023-08-25 13:20:00,26
2812,2023-08-25 13:30:00,80
2813,2023-08-25 13:40:00,99
2814,2023-08-25 13:50:00,68
2815,2023-08-25 14:00:00,189
2816,2023-08-25 14:10:00,54
2817,2023-08-25 14:20:00,130
2818,2023-08-25 14:30:00,139
2819,2023-08-25 15:00:00,104
2820,2023-08-25 15:10:00,105
2821,2023-08-25 15:30:00,160
2822,2023-08-25 15:40:00,115
2823,2023-08-25 15:50:00,146
2824,2023-08-25 16:00:00,99
2825,2023-08-25 16:10:00,13
2826,2023-08-25 16:20:00,12
2827,2023-08-25 16:30:00,114
2828,2023-08-25 16:40:00,36
2829,2023-08-25 16:50:00,18
2830,2023-08-25 17:00:00,145
2831,2023-08-25 17:10:00,275
2832,2023-08-25 17:20:00,129
2833,2023-08-25 17:30:00,196
2834,2023-08-25 17:40:00,327
2835,2023-08-25 17:50:00,265
2836,2023-08-25 18:00:00,284
2837,2023-08-25 18:10:00,95
2838,2023-08-25 18:20:00,178
2839,2023-08-25 18:30:00,218
2840,2023-08-25 18:50:00,266
2841,2023-08-25 19:00:00,265
2842,2023-08-25 19:20:00,140
2843,2023-08-25 19:30:00,607
2844,2023-08-25 19:40:00,346
2845,2023-08-25 19:50:00,301
2846,2023-08-25 20:00:00,193
2847,2023-08-25 20:10:00,498
2848,2023-08-25 20:20:00,588
2849,2023-08-25 20:30:00,116
2850,2023-08-25 20:50:00,262
2851,2023-08-25 21:00:00,430
2852,2023-08-25 21:10:00,676
2853,2023-08-25 21:20:00,23
2854,2023-08-25 21:40:00,690
2855,2023-08-25 21:50:00,276
2856,2023-08-25 22:00:00,19
2857,2023-08-25 22:10:00,6
2858,2023-08-25 22:30:00,457
2859,2023-08-25 22:40:00,501
2860,2023-08-25 22:50:00,277
2861,2023-08-25 23:00:00,545
2862,2023-08-25 23:10:00,251
2863,2023-08-25 23:20:00,166
2864,2023-08-25 23:30:00,121
2865,2023-08-25 23:40:00,79
2866,2023-08-25 23:50:00,62
2867,2023-08-26 00:00:00,23
2868,2023-08-26 00:10:00,34
2869,2023-08-26 00:20:00,24
2870,2023-08-26 00:30:00,33
2871,2023-08-26 00:40:00,22
2872,2023-08-26 00:50:00,7
2873,2023-08-26 01:00:00,32
2874,2023-08-26 01:10:00,3
2875,2023-08-26 01:20:00,14
2876,2023-08-26 01:30:00,4
2877,2023-08-26 01:40:00,5
2878,2023-08-26 01:50:00,7
2879,2023-08-26 02:00:00,6
2880,2023-08-26 02:10:00,6
2881,2023-08-26 02:20:00,3
2882,2023-08-26 02:30:00,3
2883,2023-08-26 02:50:00,2
2884,2023-08-26 03:10:00,8
2885,2023-08-26 03:40:00,3
2886,2023-08-26 03:50:00,6
2887,2023-08-26 04:00:00,5
2888,2023-08-26 04:10:00,3
2889,2023-08-26 04:20:00,1
2890,2023-08-26 04:30:00,6
2891,2023-08-26 04:40:00,3
2892,2023-08-26 04:50:00,1
2893,2023-08-26 06:00:00,1
2894,2023-08-26 06:10:00,7
2895,2023-08-26 06:20:00,5
2896,2023-08-26 06:40:00,4
2897,2023-08-26 06:50:00,8
2898,2023-08-26 07:00:00,7
2899,2023-08-26 07:10:00,9
2900,2023-08-26 07:20:00,12
2901,2023-08-26 07:30:00,12
2902,2023-08-26 07:40:00,6
2903,2023-08-26 07:50:00,19
2904,2023-08-26 08:00:00,23
2905,2023-08-26 08:10:00,68
2906,2023-08-26 08:20:00,14
2907,2023-08-26 08:30:00,22
2908,2023-08-26 08:40:00,41
2909,2023-08-26 08:50:00,27
2910,2023-08-26 09:00:00,23
2911,2023-08-26 09:10:00,40
2912,2023-08-26 09:20:00,17
2913,2023-08-26 09:40:00,22
2914,2023-08-26 09:50:00,109
2915,2023-08-26 10:00:00,91
2916,2023-08-26 10:20:00,37
2917,2023-08-26 10:40:00,36
2918,2023-08-26 10:50:00,40
2919,2023-08-26 11:00:00,27
2920,2023-08-26 11:10:00,108
2921,2023-08-26 11:20:00,191
2922,2023-08-26 11:40:00,124
2923,2023-08-26 11:50:00,175
2924,2023-08-26 12:00:00,39
2925,2023-08-26 12:10:00,32
2926,2023-08-26 12:20:00,38
2927,2023-08-26 12:30:00,116
2928,2023-08-26 12:40:00,110
2929,2023-08-26 12:50:00,174
2930,2023-08-26 13:00:00,185
2931,2023-08-26 13:10:00,208
2932,2023-08-26 13:20:00,197
2933,2023-08-26 13:30:00,209
2934,2023-08-26 13:40:00,198
2935,2023-08-26 13:50:00,203
2936,2023-08-26 14:00:00,46
2937,2023-08-26 14:10:00,47
2938,2023-08-26 14:20:00,152
2939,2023-08-26 14:30:00,119
2940,2023-08-26 14:40:00,108
2941,2023-08-26 14:50:00,70
2942,2023-08-26 15:00:00,172
2943,2023-08-26 15:10:00,194
2944,2023-08-26 15:20:00,60
2945,2023-08-26 15:30:00,88
2946,2023-08-26 15:40:00,261
2947,2023-08-26 15:50:00,268
2948,2023-08-26 16:00:00,257
2949,2023-08-26 16:10:00,188
2950,2023-08-26 16:30:00,234
2951,2023-08-26 16:40:00,270
2952,2023-08-26 17:00:00,42
2953,2023-08-26 17:10:00,35
2954,2023-08-26 17:20:00,166
2955,2023-08-26 17:30:00,227
2956,2023-08-26 17:40:00,236
2957,2023-08-26 17:50:00,300
2958,2023-08-26 18:00:00,644
2959,2023-08-26 18:10:00,290
2960,2023-08-26 18:20:00,166
2961,2023-08-26 18:30:00,837
2962,2023-08-26 18:40:00,982
2963,2023-08-26 18:50:00,987
2964,2023-08-26 19:00:00,901
2965,2023-08-26 19:10:00,672
2966,2023-08-26 19:20:00,255
2967,2023-08-26 19:30:00,138
2968,2023-08-26 19:50:00,256
2969,2023-08-26 20:00:00,773
2970,2023-08-26 20:10:00,578
2971,2023-08-26 20:30:00,491
2972,2023-08-26 21:00:00,158
2973,2023-08-26 21:20:00,153
2974,2023-08-26 21:30:00,833
2975,2023-08-26 21:40:00,437
2976,2023-08-26 21:50:00,665
2977,2023-08-26 22:00:00,137
2978,2023-08-26 22:10:00,164
2979,2023-08-26 22:30:00,565
2980,2023-08-26 22:40:00,500
2981,2023-08-26 22:50:00,399
2982,2023-08-26 23:00:00,36
2983,2023-08-26 23:10:00,55
2984,2023-08-26 23:20:00,53
2985,2023-08-26 23:30:00,51
2986,2023-08-26 23:50:00,21
2987,2023-08-27 00:00:00,7
2988,2023-08-27 00:10:00,7
2989,2023-08-27 00:20:00,13
2990,2023-08-27 00:40:00,23
2991,2023-08-27 00:50:00,18
2992,2023-08-27 01:00:00,10
2993,2023-08-27 01:10:00,6
2994,2023-08-27 01:20:00,10
2995,2023-08-27 01:30:00,11
2996,2023-08-27 01:40:00,3
2997,2023-08-27 01:50:00,4
2998,2023-08-27 02:00:00,1
2999,2023-08-27 02:10:00,7
3000,2023-08-27 02:20:00,4
3001,2023-08-27 02:40:00,6
3002,2023-08-27 02:50:00,3
3003,2023-08-27 03:00:00,2
3004,2023-08-27 03:10:00,9
3005,2023-08-27 03:30:00,1
3006,2023-08-27 03:40:00,5
3007,2023-08-27 03:50:00,3
3008,2023-08-27 04:00:00,2
3009,2023-08-27 04:10:00,1
3010,2023-08-27 04:20:00,3
3011,2023-08-27 04:30:00,49
3012,2023-08-27 04:40:00,41
3013,2023-08-27 04:50:00,1
3014,2023-08-27 05:00:00,34
3015,2023-08-27 06:00:00,2
3016,2023-08-27 06:10:00,3
3017,2023-08-27 06:30:00,4
3018,2023-08-27 06:40:00,2
3019,2023-08-27 06:50:00,1
3020,2023-08-27 07:00:00,7
3021,2023-08-27 07:10:00,17
3022,2023-08-27 07:20:00,4
3023,2023-08-27 07:30:00,2
3024,2023-08-27 07:50:00,24
3025,2023-08-27 08:00:00,16
3026,2023-08-27 08:20:00,8
3027,2023-08-27 08:30:00,20
3028,2023-08-27 08:40:00,27
3029,2023-08-27 08:50:00,11
3030,2023-08-27 09:00:00,16
3031,2023-08-27 09:10:00,58
3032,2023-08-27 09:20:00,3
3033,2023-08-27 09:30:00,6
3034,2023-08-27 09:40:00,39
3035,2023-08-27 09:50:00,13
3036,2023-08-27 10:00:00,23
3037,2023-08-27 10:10:00,56
3038,2023-08-27 10:20:00,57
3039,2023-08-27 10:30:00,89
3040,2023-08-27 10:40:00,60
3041,2023-08-27 10:50:00,20
3042,2023-08-27 11:00:00,14
3043,2023-08-27 11:10:00,52
3044,2023-08-27 11:20:00,110
3045,2023-08-27 11:30:00,79
3046,2023-08-27 11:40:00,113
3047,2023-08-27 11:50:00,125
3048,2023-08-27 12:00:00,53
3049,2023-08-27 12:20:00,73
3050,2023-08-27 12:30:00,111
3051,2023-08-27 12:40:00,127
3052,2023-08-27 12:50:00,159
3053,2023-08-27 13:00:00,82
3054,2023-08-27 13:10:00,153
3055,2023-08-27 13:20:00,162
3056,2023-08-27 13:30:00,54
3057,2023-08-27 13:40:00,148
3058,2023-08-27 13:50:00,113
3059,2023-08-27 14:10:00,133
3060,2023-08-27 14:30:00,156
3061,2023-08-27 14:40:00,151
3062,2023-08-27 14:50:00,109
3063,2023-08-27 15:00:00,153
3064,2023-08-27 15:10:00,198
3065,2023-08-27 15:20:00,159
3066,2023-08-27 15:30:00,144
3067,2023-08-27 15:40:00,44
3068,2023-08-27 16:00:00,199
3069,2023-08-27 16:20:00,98
3070,2023-08-27 16:30:00,134
3071,2023-08-27 16:40:00,86
3072,2023-08-27 16:50:00,135
3073,2023-08-27 17:00:00,208
3074,2023-08-27 17:10:00,130
3075,2023-08-27 17:20:00,52
3076,2023-08-27 17:30:00,6
3077,2023-08-27 17:50:00,131
3078,2023-08-27 18:10:00,100
3079,2023-08-27 18:20:00,93
3080,2023-08-27 18:30:00,154
3081,2023-08-27 18:40:00,187
3082,2023-08-27 19:00:00,244
3083,2023-08-27 19:10:00,351
3084,2023-08-27 19:30:00,163
3085,2023-08-27 19:40:00,294
3086,2023-08-27 19:50:00,149
3087,2023-08-27 20:00:00,39
3088,2023-08-27 20:10:00,331
3089,2023-08-27 20:20:00,303
3090,2023-08-27 20:30:00,157
3091,2023-08-27 20:40:00,317
3092,2023-08-27 20:50:00,138
3093,2023-08-27 21:10:00,65
3094,2023-08-27 21:20:00,195
3095,2023-08-27 21:30:00,289
3096,2023-08-27 21:40:00,472
3097,2023-08-27 21:50:00,265
3098,2023-08-27 22:00:00,1
3099,2023-08-27 22:10:00,109
3100,2023-08-27 22:20:00,113
3101,2023-08-27 22:30:00,19
3102,2023-08-27 22:50:00,55
3103,2023-08-27 23:00:00,20
3104,2023-08-27 23:10:00,14
3105,2023-08-27 23:20:00,17
3106,2023-08-27 23:30:00,3
3107,2023-08-27 23:40:00,5
3108,2023-08-27 23:50:00,20
3109,2023-08-28 00:00:00,13
3110,2023-08-28 00:20:00,9
3111,2023-08-28 00:30:00,3
3112,2023-08-28 00:50:00,33
3113,2023-08-28 01:00:00,6
3114,2023-08-28 01:20:00,15
3115,2023-08-28 01:30:00,18
3116,2023-08-28 01:40:00,16
3117,2023-08-28 02:00:00,4
3118,2023-08-28 02:10:00,6
3119,2023-08-28 02:20:00,1
3120,2023-08-28 02:30:00,1
3121,2023-08-28 02:50:00,2
3122,2023-08-28 03:10:00,6
3123,2023-08-28 03:20:00,5
3124,2023-08-28 03:40:00,4
3125,2023-08-28 03:50:00,4
3126,2023-08-28 04:30:00,1
3127,2023-08-28 04:50:00,7
3128,2023-08-28 06:10:00,1
3129,2023-08-28 06:30:00,1
3130,2023-08-28 06:40:00,6
3131,2023-08-28 06:50:00,1
3132,2023-08-28 07:00:00,3
3133,2023-08-28 07:10:00,3
3134,2023-08-28 07:30:00,6
3135,2023-08-28 07:40:00,3
3136,2023-08-28 07:50:00,3
3137,2023-08-28 08:10:00,5
3138,2023-08-28 08:20:00,12
3139,2023-08-28 08:30:00,4
3140,2023-08-28 08:40:00,8
3141,2023-08-28 08:50:00,27
3142,2023-08-28 09:00:00,7
3143,2023-08-28 09:30:00,12
3144,2023-08-28 09:50:00,14
3145,2023-08-28 10:00:00,37
3146,2023-08-28 10:20:00,66
3147,2023-08-28 10:30:00,44
3148,2023-08-28 10:50:00,2
3149,2023-08-28 11:00:00,23
3150,2023-08-28 11:10:00,37
3151,2023-08-28 12:20:00,35
3152,2023-08-28 12:30:00,58
3153,2023-08-28 12:40:00,39
3154,2023-08-28 12:50:00,30
3155,2023-08-28 13:00:00,42
3156,2023-08-28 13:10:00,58
3157,2023-08-28 13:20:00,78
3158,2023-08-28 13:30:00,47
3159,2023-08-28 13:40:00,19
3160,2023-08-28 13:50:00,36
3161,2023-08-28 14:10:00,21
3162,2023-08-28 14:20:00,39
3163,2023-08-28 14:40:00,1
3164,2023-08-28 14:50:00,5
3165,2023-08-28 15:00:00,22
3166,2023-08-28 15:30:00,49
3167,2023-08-28 15:40:00,24
3168,2023-08-28 15:50:00,5
3169,2023-08-28 16:00:00,29
3170,2023-08-28 16:10:00,70
3171,2023-08-28 16:20:00,87
3172,2023-08-28 16:30:00,87
3173,2023-08-28 16:40:00,11
3174,2023-08-28 16:50:00,38
3175,2023-08-28 17:10:00,82
3176,2023-08-28 17:20:00,71
3177,2023-08-28 17:30:00,129
3178,2023-08-28 17:40:00,327
3179,2023-08-28 17:50:00,5
3180,2023-08-28 18:00:00,78
3181,2023-08-28 18:10:00,1
3182,2023-08-28 18:20:00,77
3183,2023-08-28 18:30:00,178
3184,2023-08-28 18:40:00,613
3185,2023-08-28 18:50:00,563
3186,2023-08-28 19:00:00,454
3187,2023-08-28 19:20:00,102
3188,2023-08-28 19:30:00,458
3189,2023-08-28 19:40:00,148
3190,2023-08-28 19:50:00,310
3191,2023-08-28 20:00:00,205
3192,2023-08-28 20:10:00,328
3193,2023-08-28 20:20:00,475
3194,2023-08-28 20:30:00,79
3195,2023-08-28 20:50:00,416
3196,2023-08-28 21:00:00,428
3197,2023-08-28 21:10:00,389
3198,2023-08-28 21:20:00,176
3199,2023-08-28 21:30:00,371
3200,2023-08-28 21:40:00,349
3201,2023-08-28 21:50:00,305
3202,2023-08-28 22:00:00,89
3203,2023-08-28 22:10:00,281
3204,2023-08-28 22:20:00,159
3205,2023-08-28 22:40:00,62
3206,2023-08-28 22:50:00,223
3207,2023-08-28 23:00:00,331
3208,2023-08-28 23:10:00,198
3209,2023-08-28 23:20:00,83
3210,2023-08-28 23:30:00,87
3211,2023-08-28 23:40:00,19
3212,2023-08-28 23:50:00,14
3213,2023-08-29 00:00:00,8
3214,2023-08-29 00:20:00,8
3215,2023-08-29 00:30:00,5
3216,2023-08-29 00:50:00,19
3217,2023-08-29 01:00:00,8
3218,2023-08-29 01:10:00,7
3219,2023-08-29 01:30:00,36
3220,2023-08-29 01:50:00,1
3221,2023-08-29 02:10:00,1
3222,2023-08-29 02:30:00,1
3223,2023-08-29 02:40:00,1
3224,2023-08-29 02:50:00,3
3225,2023-08-29 03:00:00,2
3226,2023-08-29 03:10:00,3
3227,2023-08-29 03:30:00,1
3228,2023-08-29 04:00:00,2
3229,2023-08-29 04:10:00,2
3230,2023-08-29 05:00:00,1
3231,2023-08-29 06:10:00,7
3232,2023-08-29 06:20:00,7
3233,2023-08-29 06:40:00,3
3234,2023-08-29 06:50:00,3
3235,2023-08-29 07:00:00,7
3236,2023-08-29 07:10:00,2
3237,2023-08-29 07:20:00,2
3238,2023-08-29 07:40:00,11
3239,2023-08-29 07:50:00,17
3240,2023-08-29 08:00:00,2
3241,2023-08-29 08:10:00,7
3242,2023-08-29 08:20:00,14
3243,2023-08-29 08:30:00,21
3244,2023-08-29 08:40:00,12
3245,2023-08-29 08:50:00,14
3246,2023-08-29 09:00:00,13
3247,2023-08-29 09:10:00,7
3248,2023-08-29 09:20:00,40
3249,2023-08-29 09:30:00,17
3250,2023-08-29 09:40:00,26
3251,2023-08-29 09:50:00,33
3252,2023-08-29 10:00:00,26
3253,2023-08-29 10:10:00,25
3254,2023-08-29 10:20:00,71
3255,2023-08-29 10:30:00,59
3256,2023-08-29 10:40:00,21
3257,2023-08-29 10:50:00,12
3258,2023-08-29 11:00:00,38
3259,2023-08-29 11:10:00,14
3260,2023-08-29 11:40:00,13
3261,2023-08-29 12:00:00,5
3262,2023-08-29 12:10:00,6
3263,2023-08-29 12:20:00,11
3264,2023-08-29 12:30:00,7
3265,2023-08-29 12:40:00,30
3266,2023-08-29 12:50:00,10
3267,2023-08-29 13:00:00,20
3268,2023-08-29 13:10:00,30
3269,2023-08-29 13:20:00,33
3270,2023-08-29 13:30:00,69
3271,2023-08-29 13:40:00,48
3272,2023-08-29 13:50:00,33
3273,2023-08-29 14:00:00,24
3274,2023-08-29 14:20:00,10
3275,2023-08-29 14:30:00,24
3276,2023-08-29 14:40:00,38
3277,2023-08-29 14:50:00,25
3278,2023-08-29 15:00:00,29
3279,2023-08-29 15:10:00,49
3280,2023-08-29 15:20:00,9
3281,2023-08-29 15:30:00,8
3282,2023-08-29 15:40:00,23
3283,2023-08-29 15:50:00,17
3284,2023-08-29 16:00:00,46
3285,2023-08-29 16:10:00,17
3286,2023-08-29 16:20:00,9
3287,2023-08-29 16:30:00,2
3288,2023-08-29 16:40:00,23
3289,2023-08-29 16:50:00,17
3290,2023-08-29 17:00:00,26
3291,2023-08-29 17:10:00,2
3292,2023-08-29 17:30:00,4
3293,2023-08-29 17:40:00,8
3294,2023-08-29 17:50:00,11
3295,2023-08-29 18:00:00,4
3296,2023-08-29 18:10:00,24
3297,2023-08-29 18:20:00,16
3298,2023-08-29 18:30:00,15
3299,2023-08-29 18:40:00,32
3300,2023-08-29 18:50:00,14
3301,2023-08-29 19:00:00,14
3302,2023-08-29 19:10:00,11
3303,2023-08-29 19:20:00,8
3304,2023-08-29 19:30:00,10
3305,2023-08-29 19:40:00,6
3306,2023-08-29 19:50:00,13
3307,2023-08-29 20:00:00,6
3308,2023-08-29 20:10:00,10
3309,2023-08-29 20:20:00,3
3310,2023-08-29 20:30:00,5
3311,2023-08-29 20:40:00,9
3312,2023-08-29 20:50:00,6
3313,2023-08-29 21:00:00,3
3314,2023-08-29 21:10:00,1
3315,2023-08-29 21:20:00,5
3316,2023-08-29 21:40:00,3
3317,2023-08-29 21:50:00,3
3318,2023-08-29 22:10:00,1
3319,2023-08-29 22:30:00,4
3320,2023-08-29 22:40:00,6
3321,2023-08-29 22:50:00,1
3322,2023-08-29 23:50:00,1
3323,2023-08-30 01:00:00,1
3324,2023-08-30 02:20:00,2
3325,2023-08-30 02:30:00,1
3326,2023-08-30 03:40:00,3
3327,2023-08-30 03:50:00,1
3328,2023-08-30 04:00:00,1
3329,2023-08-30 04:10:00,1
3330,2023-08-30 04:20:00,2
3331,2023-08-30 04:30:00,1
3332,2023-08-30 04:40:00,2
3333,2023-08-30 06:00:00,3
3334,2023-08-30 06:30:00,6
3335,2023-08-30 06:40:00,3
3336,2023-08-30 07:40:00,3
3337,2023-08-30 08:00:00,2
3338,2023-08-30 08:10:00,5
3339,2023-08-30 08:30:00,2
3340,2023-08-30 08:50:00,6
3341,2023-08-30 09:10:00,7
3342,2023-08-30 09:40:00,18
3343,2023-08-30 10:10:00,4
3344,2023-08-30 10:20:00,7
3345,2023-08-30 10:30:00,37
3346,2023-08-30 10:50:00,24
3347,2023-08-30 11:00:00,19
3348,2023-08-30 11:20:00,19
3349,2023-08-30 11:30:00,61
3350,2023-08-30 11:40:00,7
3351,2023-08-30 11:50:00,48
3352,2023-08-30 12:00:00,47
3353,2023-08-30 12:10:00,44
3354,2023-08-30 12:20:00,11
3355,2023-08-30 12:30:00,43
3356,2023-08-30 12:40:00,88
3357,2023-08-30 12:50:00,94
3358,2023-08-30 13:00:00,53
3359,2023-08-30 13:10:00,21
3360,2023-08-30 13:20:00,46
3361,2023-08-30 13:30:00,48
3362,2023-08-30 13:40:00,25
3363,2023-08-30 13:50:00,59
3364,2023-08-30 14:00:00,36
3365,2023-08-30 14:10:00,25
3366,2023-08-30 14:30:00,52
3367,2023-08-30 14:40:00,76
3368,2023-08-30 14:50:00,79
3369,2023-08-30 15:00:00,70
3370,2023-08-30 15:10:00,38
3371,2023-08-30 15:20:00,42
3372,2023-08-30 15:30:00,29
3373,2023-08-30 15:40:00,17
3374,2023-08-30 15:50:00,23
3375,2023-08-30 16:00:00,7
3376,2023-08-30 16:10:00,32
3377,2023-08-30 16:20:00,22
3378,2023-08-30 16:40:00,43
3379,2023-08-30 16:50:00,1
3380,2023-08-30 17:00:00,17
3381,2023-08-30 17:10:00,20
3382,2023-08-30 17:20:00,17
3383,2023-08-30 17:30:00,18
3384,2023-08-30 17:40:00,19
3385,2023-08-30 17:50:00,11
3386,2023-08-30 18:00:00,4
3387,2023-08-30 18:10:00,24
3388,2023-08-30 18:20:00,12
3389,2023-08-30 18:30:00,10
3390,2023-08-30 18:40:00,20
3391,2023-08-30 18:50:00,4
3392,2023-08-30 19:10:00,8
3393,2023-08-30 19:20:00,9
3394,2023-08-30 19:30:00,20
3395,2023-08-30 19:40:00,10
3396,2023-08-30 19:50:00,11
3397,2023-08-30 20:00:00,1
3398,2023-08-30 20:10:00,1
3399,2023-08-30 20:20:00,12
3400,2023-08-30 20:30:00,10
3401,2023-08-30 20:40:00,3
3402,2023-08-30 20:50:00,15
3403,2023-08-30 21:00:00,11
3404,2023-08-30 21:10:00,9
3405,2023-08-30 21:20:00,2
3406,2023-08-30 21:30:00,4
3407,2023-08-30 21:40:00,3
3408,2023-08-30 21:50:00,4
3409,2023-08-30 22:00:00,6
3410,2023-08-30 22:10:00,9
3411,2023-08-30 22:20:00,4
3412,2023-08-30 22:30:00,3
3413,2023-08-30 22:40:00,7
3414,2023-08-30 22:50:00,10
3415,2023-08-30 23:00:00,3
3416,2023-08-30 23:10:00,1
3417,2023-08-30 23:20:00,5
3418,2023-08-30 23:30:00,2
3419,2023-08-30 23:40:00,4
3420,2023-08-30 23:50:00,2
3421,2023-08-31 00:00:00,4
3422,2023-08-31 00:10:00,3
3423,2023-08-31 00:20:00,2
3424,2023-08-31 00:30:00,3
3425,2023-08-31 00:40:00,4
3426,2023-08-31 01:00:00,4
3427,2023-08-31 01:10:00,3
3428,2023-08-31 01:20:00,1
3429,2023-08-31 01:30:00,3
3430,2023-08-31 01:40:00,2
3431,2023-08-31 01:50:00,2
3432,2023-08-31 02:00:00,3
3433,2023-08-31 02:10:00,2
3434,2023-08-31 02:20:00,1
3435,2023-08-31 02:30:00,1
3436,2023-08-31 02:40:00,3
3437,2023-08-31 02:50:00,1
3438,2023-08-31 03:00:00,1
3439,2023-08-31 03:10:00,3
3440,2023-08-31 03:20:00,3
3441,2023-08-31 03:30:00,2
3442,2023-08-31 03:40:00,1
3443,2023-08-31 03:50:00,4
3444,2023-08-31 04:00:00,4
3445,2023-08-31 04:10:00,3
3446,2023-08-31 04:20:00,1
3447,2023-08-31 04:30:00,1
3448,2023-08-31 04:40:00,1
3449,2023-08-31 04:50:00,3
3450,2023-08-31 05:00:00,2
3451,2023-08-31 06:10:00,9
3452,2023-08-31 06:30:00,2
3453,2023-08-31 06:40:00,3
3454,2023-08-31 06:50:00,4
3455,2023-08-31 07:20:00,16
3456,2023-08-31 07:30:00,7
3457,2023-08-31 07:40:00,18
3458,2023-08-31 07:50:00,8
3459,2023-08-31 08:40:00,8
3460,2023-08-31 09:00:00,6
3461,2023-08-31 09:10:00,4
3462,2023-08-31 09:30:00,4
3463,2023-08-31 09:50:00,14
3464,2023-08-31 10:00:00,13
3465,2023-08-31 10:10:00,5
3466,2023-08-31 10:30:00,6
3467,2023-08-31 10:40:00,22
3468,2023-08-31 11:00:00,18
3469,2023-08-31 11:10:00,22
3470,2023-08-31 11:30:00,6
3471,2023-08-31 11:40:00,24
3472,2023-08-31 11:50:00,13
3473,2023-08-31 12:00:00,16
3474,2023-08-31 12:10:00,9
3475,2023-08-31 12:30:00,21
3476,2023-08-31 12:50:00,6
3477,2023-08-31 13:00:00,11
3478,2023-08-31 13:10:00,26
3479,2023-08-31 13:20:00,58
3480,2023-08-31 13:30:00,25
3481,2023-08-31 13:40:00,15
3482,2023-08-31 13:50:00,42
3483,2023-08-31 14:10:00,63
3484,2023-08-31 14:20:00,56
3485,2023-08-31 14:30:00,74
3486,2023-08-31 14:40:00,21
3487,2023-08-31 14:50:00,2
3488,2023-08-31 15:10:00,13
3489,2023-08-31 15:20:00,31
3490,2023-08-31 15:30:00,22
3491,2023-08-31 15:40:00,35
3492,2023-08-31 16:00:00,2
3493,2023-08-31 16:10:00,23
3494,2023-08-31 16:20:00,22
3495,2023-08-31 16:30:00,38
3496,2023-08-31 16:40:00,19
3497,2023-08-31 16:50:00,5
3498,2023-08-31 17:00:00,21
3499,2023-08-31 17:10:00,40
3500,2023-08-31 17:20:00,16
3501,2023-08-31 17:30:00,10
3502,2023-08-31 17:40:00,57
3503,2023-08-31 17:50:00,17
3504,2023-08-31 18:00:00,23
3505,2023-08-31 18:10:00,31
3506,2023-08-31 18:20:00,60
3507,2023-08-31 18:30:00,40
3508,2023-08-31 18:40:00,21
3509,2023-08-31 18:50:00,21
3510,2023-08-31 19:00:00,10
3511,2023-08-31 19:10:00,47
3512,2023-08-31 19:20:00,42
3513,2023-08-31 19:30:00,10
3514,2023-08-31 19:40:00,23
3515,2023-08-31 19:50:00,6
3516,2023-08-31 20:00:00,7
3517,2023-08-31 20:10:00,17
3518,2023-08-31 20:20:00,10
3519,2023-08-31 20:30:00,9
3520,2023-08-31 20:40:00,12
3521,2023-08-31 21:00:00,2
3522,2023-08-31 21:10:00,10
3523,2023-08-31 21:20:00,15
3524,2023-08-31 21:30:00,6
3525,2023-08-31 21:40:00,6
3526,2023-08-31 21:50:00,8
3527,2023-08-31 22:00:00,5
3528,2023-08-31 22:10:00,9
3529,2023-08-31 22:30:00,10
3530,2023-08-31 22:40:00,1
3531,2023-08-31 23:00:00,9
3532,2023-08-31 23:10:00,4
3533,2023-08-31 23:20:00,6
3534,2023-08-31 23:30:00,1
3535,2023-08-31 23:40:00,3
3536,2023-08-31 23:50:00,2
